county_fips_full,hurricane_count_5yr,severe_storm_count_5yr,flood_count_5yr,fire_count_5yr,coastal_storm_count_5yr,tropical_storm_count_5yr,tornado_count_5yr,climate_event_count_5yr
01001,2.0,0.0,0.0,0.0,0.0,0.0,0.0,2.0
01003,3.0,0.0,0.0,0.0,0.0,0.0,0.0,3.0
01005,3.0,1.0,0.0,0.0,0.0,0.0,0.0,4.0
01007,1.0,1.0,0.0,0.0,0.0,0.0,0.0,2.0
01009,1.0,3.0,0.0,0.0,0.0,0.0,0.0,4.0
01011,2.0,0.0,0.0,0.0,0.0,0.0,0.0,2.0
01013,4.0,1.0,0.0,0.0,0.0,0.0,0.0,5.0
01015,2.0,2.0,0.0,0.0,0.0,0.0,0.0,4.0
01017,1.0,1.0,0.0,0.0,0.0,0.0,0.0,2.0
01019,2.0,1.0,0.0,0.0,0.0,0.0,0.0,3.0
01021,2.0,1.0,0.0,0.0,0.0,0.0,0.0,3.0
01023,2.0,1.0,0.0,0.0,0.0,0.0,0.0,3.0
01025,3.0,0.0,0.0,0.0,0.0,0.0,0.0,3.0
01027,2.0,1.0,0.0,0.0,0.0,0.0,0.0,3.0
01029,1.0,0.0,0.0,0.0,0.0,0.0,0.0,1.0
01031,3.0,1.0,0.0,0.0,0.0,0.0,0.0,4.0
01033,1.0,2.0,0.0,0.0,0.0,0.0,0.0,3.0
01035,3.0,0.0,0.0,0.0,0.0,0.0,0.0,3.0
01037,2.0,1.0,0.0,0.0,0.0,0.0,0.0,3.0
01039,3.0,2.0,0.0,0.0,0.0,0.0,0.0,5.0
01041,3.0,2.0,0.0,0.0,0.0,0.0,0.0,5.0
01043,1.0,3.0,0.0,0.0,0.0,0.0,0.0,4.0
01045,3.0,1.0,0.0,0.0,0.0,0.0,0.0,4.0
01047,2.0,1.0,0.0,0.0,0.0,0.0,0.0,3.0
01049,1.0,2.0,0.0,0.0,0.0,0.0,0.0,3.0
01051,2.0,0.0,0.0,0.0,0.0,0.0,0.0,2.0
01053,3.0,0.0,0.0,0.0,0.0,0.0,0.0,3.0
01055,1.0,2.0,0.0,0.0,0.0,0.0,0.0,3.0
01057,1.0,1.0,0.0,0.0,0.0,0.0,0.0,2.0
01059,1.0,1.0,0.0,0.0,0.0,0.0,0.0,2.0
01061,4.0,0.0,0.0,0.0,0.0,0.0,0.0,4.0
01063,1.0,2.0,0.0,0.0,0.0,0.0,0.0,3.0
01065,2.0,1.0,0.0,0.0,0.0,0.0,0.0,3.0
01067,3.0,1.0,0.0,0.0,0.0,0.0,0.0,4.0
01069,4.0,0.0,0.0,0.0,0.0,0.0,0.0,4.0
01071,1.0,2.0,0.0,0.0,0.0,0.0,0.0,3.0
01073,1.0,2.0,0.0,0.0,0.0,0.0,0.0,3.0
01075,1.0,2.0,0.0,0.0,0.0,0.0,0.0,3.0
01077,1.0,0.0,0.0,0.0,0.0,0.0,0.0,1.0
01079,1.0,0.0,0.0,0.0,0.0,0.0,0.0,1.0
01081,1.0,0.0,0.0,0.0,0.0,0.0,1.0,2.0
01083,1.0,1.0,0.0,0.0,0.0,0.0,0.0,2.0
01085,2.0,0.0,0.0,0.0,0.0,0.0,0.0,2.0
01087,1.0,1.0,0.0,0.0,0.0,0.0,0.0,2.0
01089,1.0,1.0,0.0,0.0,0.0,0.0,0.0,2.0
01091,2.0,0.0,0.0,0.0,0.0,0.0,0.0,2.0
01093,1.0,2.0,0.0,0.0,0.0,0.0,0.0,3.0
01095,1.0,1.0,0.0,0.0,0.0,0.0,0.0,2.0
01097,5.0,0.0,0.0,0.0,0.0,0.0,0.0,5.0
01099,3.0,0.0,0.0,0.0,0.0,0.0,0.0,3.0
01101,2.0,0.0,0.0,0.0,0.0,0.0,0.0,2.0
01103,1.0,1.0,0.0,0.0,0.0,0.0,0.0,2.0
01105,2.0,2.0,0.0,0.0,0.0,0.0,0.0,4.0
01107,1.0,0.0,0.0,0.0,0.0,0.0,0.0,1.0
01109,3.0,1.0,0.0,0.0,0.0,0.0,0.0,4.0
01111,2.0,2.0,0.0,0.0,0.0,0.0,0.0,4.0
01113,2.0,0.0,0.0,0.0,0.0,0.0,0.0,2.0
01115,1.0,1.0,0.0,0.0,0.0,0.0,0.0,2.0
01117,1.0,2.0,0.0,0.0,0.0,0.0,0.0,3.0
01119,1.0,0.0,0.0,0.0,0.0,0.0,0.0,1.0
01121,2.0,0.0,0.0,0.0,0.0,0.0,0.0,2.0
01123,1.0,1.0,0.0,0.0,0.0,0.0,0.0,2.0
01125,1.0,1.0,0.0,0.0,0.0,0.0,0.0,2.0
01127,1.0,1.0,0.0,0.0,0.0,0.0,0.0,2.0
01129,2.0,0.0,0.0,0.0,0.0,0.0,0.0,2.0
01131,2.0,1.0,0.0,0.0,0.0,0.0,0.0,3.0
01133,1.0,1.0,0.0,0.0,0.0,0.0,0.0,2.0
05001,1.0,0.0,2.0,0.0,0.0,0.0,1.0,4.0
05003,1.0,0.0,0.0,0.0,0.0,0.0,0.0,1.0
05005,1.0,0.0,0.0,0.0,0.0,0.0,0.0,1.0
05007,1.0,0.0,0.0,0.0,0.0,0.0,0.0,1.0
05009,1.0,0.0,0.0,0.0,0.0,0.0,0.0,1.0
05011,1.0,0.0,0.0,0.0,0.0,0.0,1.0,2.0
05013,1.0,0.0,0.0,0.0,0.0,0.0,0.0,1.0
05015,1.0,0.0,0.0,0.0,0.0,0.0,0.0,1.0
05017,1.0,0.0,2.0,0.0,0.0,0.0,0.0,3.0
05019,1.0,0.0,0.0,0.0,0.0,0.0,0.0,1.0
05021,1.0,0.0,0.0,0.0,0.0,0.0,0.0,1.0
05023,1.0,0.0,0.0,0.0,0.0,0.0,0.0,1.0
05025,1.0,0.0,0.0,0.0,0.0,0.0,1.0,2.0
05027,1.0,0.0,0.0,0.0,0.0,0.0,0.0,1.0
05029,1.0,0.0,2.0,0.0,0.0,0.0,0.0,3.0
05031,1.0,0.0,0.0,0.0,0.0,0.0,2.0,3.0
05033,1.0,0.0,2.0,0.0,0.0,0.0,0.0,3.0
05035,1.0,0.0,0.0,0.0,0.0,0.0,0.0,1.0
05037,1.0,0.0,0.0,0.0,0.0,0.0,0.0,1.0
05039,1.0,0.0,0.0,0.0,0.0,0.0,1.0,2.0
05041,1.0,0.0,2.0,0.0,0.0,0.0,1.0,4.0
05043,1.0,0.0,0.0,0.0,0.0,0.0,1.0,2.0
05045,1.0,0.0,2.0,0.0,0.0,0.0,0.0,3.0
05047,1.0,0.0,2.0,0.0,0.0,0.0,0.0,3.0
05049,1.0,0.0,0.0,0.0,0.0,0.0,0.0,1.0
05051,1.0,0.0,0.0,0.0,0.0,0.0,0.0,1.0
05053,1.0,0.0,0.0,0.0,0.0,0.0,1.0,2.0
05055,1.0,0.0,0.0,0.0,0.0,0.0,0.0,1.0
05057,1.0,0.0,0.0,0.0,0.0,0.0,0.0,1.0
05059,1.0,0.0,0.0,0.0,0.0,0.0,0.0,1.0
05061,1.0,0.0,0.0,0.0,0.0,0.0,0.0,1.0
05063,1.0,0.0,0.0,0.0,0.0,0.0,0.0,1.0
05065,1.0,0.0,0.0,0.0,0.0,0.0,0.0,1.0
05067,1.0,0.0,0.0,0.0,0.0,0.0,1.0,2.0
05069,1.0,0.0,2.0,0.0,0.0,0.0,1.0,4.0
05071,1.0,0.0,2.0,0.0,0.0,0.0,0.0,3.0
05073,1.0,0.0,0.0,0.0,0.0,0.0,0.0,1.0
05075,1.0,0.0,0.0,0.0,0.0,0.0,0.0,1.0
05077,1.0,0.0,0.0,0.0,0.0,0.0,0.0,1.0
05079,1.0,0.0,2.0,0.0,0.0,0.0,1.0,4.0
05081,1.0,0.0,0.0,0.0,0.0,0.0,0.0,1.0
05083,1.0,0.0,2.0,0.0,0.0,0.0,0.0,3.0
05085,1.0,0.0,0.0,0.0,0.0,0.0,0.0,1.0
05087,1.0,0.0,1.0,0.0,0.0,0.0,0.0,2.0
05089,1.0,0.0,0.0,0.0,0.0,0.0,0.0,1.0
05091,1.0,0.0,0.0,0.0,0.0,0.0,0.0,1.0
05093,1.0,0.0,0.0,0.0,0.0,0.0,1.0,2.0
05095,1.0,0.0,0.0,0.0,0.0,0.0,1.0,2.0
05097,1.0,0.0,0.0,0.0,0.0,0.0,0.0,1.0
05099,1.0,0.0,0.0,0.0,0.0,0.0,0.0,1.0
05101,1.0,0.0,1.0,0.0,0.0,0.0,0.0,2.0
05103,1.0,0.0,0.0,0.0,0.0,0.0,1.0,2.0
05105,1.0,0.0,2.0,0.0,0.0,0.0,0.0,3.0
05107,1.0,0.0,0.0,0.0,0.0,0.0,1.0,2.0
05109,1.0,0.0,0.0,0.0,0.0,0.0,0.0,1.0
05111,1.0,0.0,0.0,0.0,0.0,0.0,1.0,2.0
05113,1.0,0.0,0.0,0.0,0.0,0.0,0.0,1.0
05115,1.0,0.0,2.0,0.0,0.0,0.0,0.0,3.0
05117,1.0,0.0,0.0,0.0,0.0,0.0,0.0,1.0
05119,1.0,0.0,2.0,0.0,0.0,0.0,0.0,3.0
05121,1.0,0.0,0.0,0.0,0.0,0.0,0.0,1.0
05123,1.0,0.0,0.0,0.0,0.0,0.0,0.0,1.0
05125,1.0,0.0,0.0,0.0,0.0,0.0,0.0,1.0
05127,1.0,0.0,0.0,0.0,0.0,0.0,0.0,1.0
05129,1.0,0.0,1.0,0.0,0.0,0.0,0.0,2.0
05131,1.0,0.0,2.0,0.0,0.0,0.0,0.0,3.0
05133,1.0,0.0,0.0,0.0,0.0,0.0,0.0,1.0
05135,1.0,0.0,0.0,0.0,0.0,0.0,0.0,1.0
05137,1.0,0.0,0.0,0.0,0.0,0.0,0.0,1.0
05139,1.0,0.0,0.0,0.0,0.0,0.0,0.0,1.0
05141,1.0,0.0,0.0,0.0,0.0,0.0,0.0,1.0
05143,1.0,0.0,1.0,0.0,0.0,0.0,0.0,2.0
05145,1.0,0.0,0.0,0.0,0.0,0.0,0.0,1.0
05147,1.0,0.0,0.0,0.0,0.0,0.0,1.0,2.0
05149,1.0,0.0,2.0,0.0,0.0,0.0,0.0,3.0
09001,4.0,0.0,0.0,0.0,0.0,0.0,1.0,5.0
09003,3.0,0.0,0.0,0.0,0.0,0.0,0.0,3.0
09005,4.0,0.0,0.0,0.0,0.0,0.0,0.0,4.0
09007,4.0,1.0,0.0,0.0,0.0,0.0,0.0,5.0
09009,4.0,0.0,0.0,0.0,0.0,0.0,1.0,5.0
09011,4.0,1.0,0.0,0.0,0.0,0.0,0.0,5.0
09013,3.0,0.0,0.0,0.0,0.0,0.0,0.0,3.0
09015,3.0,0.0,0.0,0.0,0.0,0.0,0.0,3.0
10001,1.0,0.0,0.0,0.0,0.0,0.0,0.0,1.0
10003,2.0,0.0,0.0,0.0,0.0,0.0,0.0,2.0
12001,6.0,1.0,0.0,0.0,0.0,1.0,0.0,8.0
12003,5.0,1.0,0.0,0.0,0.0,0.0,0.0,6.0
12005,8.0,0.0,0.0,2.0,0.0,0.0,0.0,10.0
12007,5.0,1.0,0.0,0.0,0.0,1.0,0.0,7.0
12009,6.0,0.0,0.0,0.0,0.0,1.0,0.0,7.0
12011,6.0,0.0,0.0,0.0,0.0,1.0,0.0,7.0
12013,9.0,0.0,0.0,1.0,0.0,0.0,0.0,10.0
12015,4.0,1.0,0.0,0.0,0.0,1.0,0.0,6.0
12017,7.0,1.0,0.0,0.0,0.0,1.0,0.0,9.0
12019,5.0,1.0,0.0,0.0,0.0,1.0,0.0,7.0
12021,4.0,1.0,0.0,1.0,0.0,1.0,0.0,7.0
12023,5.0,1.0,0.0,0.0,0.0,0.0,0.0,6.0
12027,4.0,1.0,0.0,0.0,0.0,1.0,0.0,6.0
12029,7.0,1.0,0.0,0.0,0.0,1.0,0.0,9.0
12031,6.0,1.0,0.0,0.0,0.0,1.0,0.0,8.0
12033,7.0,0.0,0.0,0.0,0.0,0.0,0.0,7.0
12035,6.0,0.0,0.0,0.0,0.0,1.0,0.0,7.0
12037,9.0,1.0,0.0,0.0,0.0,0.0,0.0,10.0
12039,9.0,0.0,0.0,0.0,0.0,0.0,0.0,9.0
12041,7.0,1.0,0.0,0.0,0.0,1.0,0.0,9.0
12043,4.0,0.0,0.0,0.0,0.0,1.0,0.0,5.0
12045,9.0,0.0,0.0,0.0,0.0,0.0,0.0,9.0
12047,6.0,1.0,0.0,0.0,0.0,0.0,0.0,7.0
12049,4.0,1.0,0.0,0.0,0.0,1.0,0.0,6.0
12051,4.0,0.0,0.0,0.0,0.0,1.0,0.0,5.0
12053,6.0,1.0,0.0,0.0,0.0,1.0,0.0,8.0
12055,4.0,0.0,0.0,0.0,0.0,1.0,0.0,5.0
12057,6.0,1.0,0.0,0.0,0.0,1.0,0.0,8.0
12059,9.0,0.0,0.0,0.0,0.0,0.0,0.0,9.0
12061,6.0,0.0,0.0,0.0,0.0,1.0,0.0,7.0
12063,9.0,0.0,0.0,0.0,0.0,0.0,0.0,9.0
12065,8.0,1.0,0.0,0.0,0.0,1.0,0.0,10.0
12067,6.0,1.0,0.0,0.0,0.0,0.0,0.0,7.0
12069,4.0,1.0,0.0,0.0,0.0,1.0,0.0,6.0
12071,4.0,1.0,0.0,0.0,0.0,1.0,0.0,6.0
12073,7.0,0.0,0.0,0.0,0.0,0.0,0.0,7.0
12075,7.0,1.0,0.0,0.0,0.0,1.0,0.0,9.0
12077,9.0,0.0,0.0,0.0,0.0,0.0,0.0,9.0
12079,6.0,1.0,0.0,0.0,0.0,0.0,0.0,7.0
12081,7.0,1.0,0.0,0.0,0.0,1.0,0.0,9.0
12083,5.0,1.0,0.0,0.0,0.0,1.0,0.0,7.0
12085,6.0,0.0,0.0,0.0,0.0,1.0,0.0,7.0
12086,5.0,1.0,0.0,0.0,0.0,1.0,0.0,7.0
12087,4.0,1.0,0.0,0.0,0.0,0.0,0.0,5.0
12089,6.0,1.0,0.0,0.0,0.0,1.0,0.0,8.0
12091,8.0,0.0,0.0,0.0,0.0,0.0,0.0,8.0
12093,5.0,0.0,0.0,0.0,0.0,1.0,0.0,6.0
12095,5.0,0.0,0.0,0.0,0.0,1.0,0.0,6.0
12097,6.0,0.0,0.0,0.0,0.0,1.0,0.0,7.0
12099,6.0,0.0,0.0,0.0,0.0,1.0,0.0,7.0
12101,6.0,1.0,0.0,0.0,0.0,1.0,0.0,8.0
12103,6.0,1.0,0.0,0.0,0.0,1.0,0.0,8.0
12105,4.0,0.0,0.0,0.0,0.0,1.0,0.0,5.0
12107,6.0,1.0,0.0,0.0,0.0,1.0,0.0,8.0
12109,6.0,0.0,0.0,0.0,0.0,1.0,0.0,7.0
12111,6.0,0.0,0.0,0.0,0.0,1.0,0.0,7.0
12113,7.0,0.0,0.0,1.0,0.0,0.0,0.0,8.0
12115,5.0,1.0,0.0,0.0,0.0,1.0,0.0,7.0
12117,6.0,0.0,0.0,0.0,0.0,1.0,0.0,7.0
12119,5.0,1.0,0.0,0.0,0.0,1.0,0.0,7.0
12121,6.0,1.0,0.0,0.0,0.0,0.0,0.0,7.0
12123,7.0,1.0,0.0,0.0,0.0,1.0,0.0,9.0
12125,5.0,1.0,0.0,0.0,0.0,0.0,0.0,6.0
12127,6.0,0.0,0.0,0.0,0.0,1.0,0.0,7.0
12129,7.0,1.0,0.0,0.0,0.0,1.0,0.0,9.0
12131,8.0,0.0,0.0,1.0,0.0,0.0,0.0,9.0
12133,9.0,0.0,0.0,0.0,0.0,0.0,0.0,9.0
13001,2.0,0.0,0.0,0.0,0.0,0.0,0.0,2.0
13003,2.0,0.0,0.0,0.0,0.0,0.0,0.0,2.0
13005,2.0,0.0,0.0,0.0,0.0,0.0,0.0,2.0
13007,2.0,0.0,0.0,0.0,0.0,0.0,0.0,2.0
13009,1.0,0.0,0.0,0.0,0.0,0.0,0.0,1.0
13011,1.0,0.0,0.0,0.0,0.0,0.0,0.0,1.0
13017,2.0,0.0,0.0,0.0,0.0,0.0,0.0,2.0
13019,2.0,0.0,0.0,0.0,0.0,0.0,0.0,2.0
13021,1.0,0.0,0.0,0.0,0.0,0.0,0.0,1.0
13023,2.0,0.0,0.0,0.0,0.0,0.0,0.0,2.0
13025,2.0,0.0,0.0,0.0,0.0,0.0,0.0,2.0
13027,2.0,0.0,0.0,0.0,0.0,0.0,0.0,2.0
13029,2.0,0.0,0.0,0.0,0.0,0.0,0.0,2.0
13031,2.0,0.0,0.0,0.0,0.0,0.0,0.0,2.0
13033,2.0,0.0,0.0,0.0,0.0,0.0,0.0,2.0
13035,1.0,0.0,0.0,0.0,0.0,0.0,0.0,1.0
13037,2.0,0.0,0.0,0.0,0.0,0.0,0.0,2.0
13039,2.0,0.0,0.0,0.0,0.0,0.0,0.0,2.0
13043,2.0,0.0,0.0,0.0,0.0,0.0,0.0,2.0
13045,1.0,0.0,0.0,0.0,0.0,0.0,0.0,1.0
13049,2.0,0.0,0.0,0.0,0.0,0.0,0.0,2.0
13051,2.0,0.0,0.0,0.0,0.0,0.0,0.0,2.0
13053,2.0,0.0,0.0,0.0,0.0,0.0,0.0,2.0
13057,1.0,0.0,0.0,0.0,0.0,0.0,0.0,1.0
13059,1.0,0.0,0.0,0.0,0.0,0.0,0.0,1.0
13061,2.0,0.0,0.0,0.0,0.0,0.0,0.0,2.0
13065,1.0,0.0,0.0,0.0,0.0,0.0,0.0,1.0
13069,2.0,0.0,0.0,0.0,0.0,0.0,0.0,2.0
13071,2.0,0.0,0.0,0.0,0.0,0.0,0.0,2.0
13073,1.0,0.0,0.0,0.0,0.0,0.0,0.0,1.0
13075,2.0,0.0,0.0,0.0,0.0,0.0,0.0,2.0
13079,2.0,0.0,0.0,0.0,0.0,0.0,0.0,2.0
13081,2.0,0.0,0.0,0.0,0.0,0.0,0.0,2.0
13085,1.0,0.0,0.0,0.0,0.0,0.0,0.0,1.0
13087,2.0,0.0,0.0,0.0,0.0,0.0,0.0,2.0
13091,2.0,0.0,0.0,0.0,0.0,0.0,0.0,2.0
13093,2.0,0.0,0.0,0.0,0.0,0.0,0.0,2.0
13095,2.0,0.0,0.0,0.0,0.0,0.0,0.0,2.0
13097,1.0,0.0,0.0,0.0,0.0,0.0,0.0,1.0
13099,2.0,0.0,0.0,0.0,0.0,0.0,0.0,2.0
13101,2.0,0.0,0.0,0.0,0.0,0.0,0.0,2.0
13103,2.0,0.0,0.0,0.0,0.0,0.0,0.0,2.0
13105,1.0,0.0,0.0,0.0,0.0,0.0,0.0,1.0
13107,2.0,0.0,0.0,0.0,0.0,0.0,0.0,2.0
13109,2.0,0.0,0.0,0.0,0.0,0.0,0.0,2.0
13111,1.0,1.0,0.0,0.0,0.0,0.0,0.0,2.0
13117,1.0,0.0,0.0,0.0,0.0,0.0,0.0,1.0
13119,1.0,0.0,0.0,0.0,0.0,0.0,0.0,1.0
13123,1.0,1.0,0.0,0.0,0.0,0.0,0.0,2.0
13125,2.0,0.0,0.0,0.0,0.0,0.0,0.0,2.0
13127,2.0,0.0,0.0,0.0,0.0,0.0,0.0,2.0
13131,2.0,0.0,0.0,0.0,0.0,0.0,0.0,2.0
13133,1.0,0.0,0.0,0.0,0.0,0.0,0.0,1.0
13137,1.0,0.0,0.0,0.0,0.0,0.0,0.0,1.0
13139,1.0,0.0,0.0,0.0,0.0,0.0,0.0,1.0
13141,2.0,0.0,0.0,0.0,0.0,0.0,0.0,2.0
13143,1.0,0.0,0.0,0.0,0.0,0.0,0.0,1.0
13149,1.0,1.0,0.0,0.0,0.0,0.0,0.0,2.0
13153,2.0,0.0,0.0,0.0,0.0,0.0,0.0,2.0
13155,2.0,0.0,0.0,0.0,0.0,0.0,0.0,2.0
13159,1.0,0.0,0.0,0.0,0.0,0.0,0.0,1.0
13161,2.0,0.0,0.0,0.0,0.0,0.0,0.0,2.0
13163,2.0,0.0,0.0,0.0,0.0,0.0,0.0,2.0
13165,2.0,0.0,0.0,0.0,0.0,0.0,0.0,2.0
13167,2.0,0.0,0.0,0.0,0.0,0.0,0.0,2.0
13169,2.0,0.0,0.0,0.0,0.0,0.0,0.0,2.0
13171,1.0,0.0,0.0,0.0,0.0,0.0,0.0,1.0
13173,1.0,0.0,0.0,0.0,0.0,0.0,0.0,1.0
13175,2.0,0.0,0.0,0.0,0.0,0.0,0.0,2.0
13177,2.0,0.0,0.0,0.0,0.0,0.0,0.0,2.0
13179,2.0,0.0,0.0,0.0,0.0,0.0,0.0,2.0
13181,1.0,0.0,0.0,0.0,0.0,0.0,0.0,1.0
13183,2.0,0.0,0.0,0.0,0.0,0.0,0.0,2.0
13185,1.0,0.0,0.0,0.0,0.0,0.0,0.0,1.0
13187,1.0,1.0,0.0,0.0,0.0,0.0,0.0,2.0
13189,1.0,0.0,0.0,0.0,0.0,0.0,0.0,1.0
13191,2.0,0.0,0.0,0.0,0.0,0.0,0.0,2.0
13193,2.0,0.0,0.0,0.0,0.0,0.0,0.0,2.0
13197,2.0,0.0,0.0,0.0,0.0,0.0,0.0,2.0
13201,2.0,0.0,0.0,0.0,0.0,0.0,0.0,2.0
13205,2.0,0.0,0.0,0.0,0.0,0.0,0.0,2.0
13207,1.0,0.0,0.0,0.0,0.0,0.0,0.0,1.0
13209,2.0,0.0,0.0,0.0,0.0,0.0,0.0,2.0
13211,1.0,0.0,0.0,0.0,0.0,0.0,0.0,1.0
13215,1.0,0.0,0.0,0.0,0.0,0.0,0.0,1.0
13219,1.0,0.0,0.0,0.0,0.0,0.0,0.0,1.0
13221,1.0,0.0,0.0,0.0,0.0,0.0,0.0,1.0
13223,1.0,0.0,0.0,0.0,0.0,0.0,0.0,1.0
13225,2.0,0.0,0.0,0.0,0.0,0.0,0.0,2.0
13227,1.0,1.0,0.0,0.0,0.0,0.0,0.0,2.0
13229,2.0,0.0,0.0,0.0,0.0,0.0,0.0,2.0
13235,2.0,0.0,0.0,0.0,0.0,0.0,0.0,2.0
13237,2.0,0.0,0.0,0.0,0.0,0.0,0.0,2.0
13239,2.0,0.0,0.0,0.0,0.0,0.0,0.0,2.0
13241,1.0,1.0,0.0,0.0,0.0,0.0,0.0,2.0
13243,2.0,0.0,0.0,0.0,0.0,0.0,0.0,2.0
13245,1.0,0.0,0.0,0.0,0.0,0.0,0.0,1.0
13249,2.0,0.0,0.0,0.0,0.0,0.0,0.0,2.0
13251,2.0,0.0,0.0,0.0,0.0,0.0,0.0,2.0
13253,2.0,0.0,0.0,0.0,0.0,0.0,0.0,2.0
13257,1.0,0.0,0.0,0.0,0.0,0.0,0.0,1.0
13259,2.0,0.0,0.0,0.0,0.0,0.0,0.0,2.0
13261,2.0,0.0,0.0,0.0,0.0,0.0,0.0,2.0
13263,1.0,0.0,0.0,0.0,0.0,0.0,0.0,1.0
13265,1.0,0.0,0.0,0.0,0.0,0.0,0.0,1.0
13267,2.0,0.0,0.0,0.0,0.0,0.0,0.0,2.0
13269,1.0,0.0,0.0,0.0,0.0,0.0,0.0,1.0
13271,2.0,0.0,0.0,0.0,0.0,0.0,0.0,2.0
13273,2.0,0.0,0.0,0.0,0.0,0.0,0.0,2.0
13275,2.0,0.0,0.0,0.0,0.0,0.0,0.0,2.0
13277,2.0,0.0,0.0,0.0,0.0,0.0,0.0,2.0
13279,2.0,0.0,0.0,0.0,0.0,0.0,0.0,2.0
13281,1.0,0.0,0.0,0.0,0.0,0.0,0.0,1.0
13283,2.0,0.0,0.0,0.0,0.0,0.0,0.0,2.0
13287,2.0,0.0,0.0,0.0,0.0,0.0,0.0,2.0
13289,2.0,0.0,0.0,0.0,0.0,0.0,0.0,2.0
13291,1.0,0.0,0.0,0.0,0.0,0.0,0.0,1.0
13293,1.0,0.0,0.0,0.0,0.0,0.0,0.0,1.0
13299,1.0,0.0,0.0,0.0,0.0,0.0,0.0,1.0
13301,1.0,0.0,0.0,0.0,0.0,0.0,0.0,1.0
13303,2.0,0.0,0.0,0.0,0.0,0.0,0.0,2.0
13305,2.0,0.0,0.0,0.0,0.0,0.0,0.0,2.0
13307,2.0,0.0,0.0,0.0,0.0,0.0,0.0,2.0
13309,2.0,0.0,0.0,0.0,0.0,0.0,0.0,2.0
13311,1.0,1.0,0.0,0.0,0.0,0.0,0.0,2.0
13315,2.0,0.0,0.0,0.0,0.0,0.0,0.0,2.0
13317,1.0,0.0,0.0,0.0,0.0,0.0,0.0,1.0
13319,2.0,0.0,0.0,0.0,0.0,0.0,0.0,2.0
13321,2.0,0.0,0.0,0.0,0.0,0.0,0.0,2.0
15001,4.0,0.0,0.0,1.0,0.0,0.0,0.0,5.0
15003,3.0,1.0,1.0,0.0,0.0,0.0,0.0,5.0
15007,4.0,1.0,1.0,0.0,0.0,0.0,0.0,6.0
15009,4.0,1.0,1.0,1.0,0.0,0.0,0.0,7.0
22001,9.0,0.0,0.0,0.0,3.0,0.0,0.0,12.0
22003,10.0,0.0,0.0,0.0,3.0,0.0,0.0,13.0
22005,10.0,0.0,1.0,0.0,3.0,0.0,0.0,14.0
22007,10.0,0.0,3.0,0.0,3.0,0.0,0.0,16.0
22009,8.0,0.0,0.0,0.0,3.0,0.0,0.0,11.0
22011,9.0,0.0,0.0,0.0,3.0,0.0,0.0,12.0
22013,8.0,0.0,0.0,0.0,2.0,0.0,0.0,10.0
22015,8.0,0.0,0.0,0.0,2.0,0.0,0.0,10.0
22017,8.0,0.0,0.0,0.0,2.0,0.0,0.0,10.0
22019,9.0,0.0,1.0,0.0,3.0,0.0,0.0,13.0
22021,8.0,0.0,1.0,0.0,2.0,0.0,0.0,11.0
22023,10.0,0.0,0.0,0.0,3.0,0.0,0.0,13.0
22025,8.0,0.0,2.0,0.0,3.0,0.0,0.0,13.0
22027,8.0,0.0,0.0,0.0,2.0,0.0,0.0,10.0
22029,8.0,0.0,2.0,0.0,3.0,0.0,0.0,13.0
22031,8.0,0.0,0.0,0.0,2.0,0.0,0.0,10.0
22033,10.0,0.0,1.0,0.0,3.0,0.0,0.0,14.0
22035,8.0,0.0,1.0,0.0,2.0,0.0,0.0,11.0
22037,10.0,0.0,0.0,0.0,3.0,0.0,0.0,13.0
22039,9.0,0.0,0.0,0.0,3.0,0.0,0.0,12.0
22041,8.0,0.0,1.0,0.0,2.0,0.0,0.0,11.0
22043,8.0,0.0,0.0,0.0,2.0,0.0,0.0,10.0
22045,10.0,0.0,0.0,0.0,3.0,0.0,0.0,13.0
22047,10.0,0.0,3.0,0.0,3.0,0.0,0.0,16.0
22049,8.0,0.0,0.0,0.0,2.0,0.0,0.0,10.0
22051,10.0,0.0,0.0,0.0,3.0,0.0,0.0,13.0
22053,9.0,0.0,0.0,0.0,3.0,0.0,0.0,12.0
22055,10.0,0.0,1.0,0.0,3.0,0.0,0.0,14.0
22057,10.0,0.0,1.0,0.0,3.0,0.0,0.0,14.0
22059,8.0,0.0,0.0,0.0,2.0,0.0,0.0,10.0
22061,8.0,1.0,0.0,0.0,2.0,0.0,0.0,11.0
22063,10.0,0.0,0.0,0.0,3.0,0.0,0.0,13.0
22065,8.0,0.0,0.0,0.0,2.0,0.0,0.0,10.0
22067,8.0,1.0,0.0,0.0,2.0,0.0,0.0,11.0
22069,8.0,0.0,0.0,0.0,2.0,0.0,0.0,10.0
22071,10.0,0.0,0.0,0.0,3.0,0.0,0.0,13.0
22073,8.0,0.0,1.0,0.0,3.0,0.0,0.0,12.0
22075,10.0,0.0,0.0,0.0,3.0,0.0,0.0,13.0
22077,10.0,0.0,2.0,0.0,3.0,0.0,0.0,15.0
22079,8.0,0.0,2.0,0.0,3.0,0.0,0.0,13.0
22081,8.0,0.0,0.0,0.0,2.0,0.0,0.0,10.0
22083,8.0,0.0,0.0,0.0,2.0,0.0,0.0,10.0
22085,8.0,0.0,0.0,0.0,2.0,0.0,0.0,10.0
22087,10.0,0.0,0.0,0.0,3.0,0.0,0.0,13.0
22089,10.0,0.0,0.0,0.0,3.0,0.0,0.0,13.0
22091,10.0,0.0,0.0,0.0,3.0,0.0,0.0,13.0
22093,9.0,0.0,0.0,0.0,3.0,0.0,0.0,12.0
22095,10.0,0.0,0.0,0.0,3.0,0.0,0.0,13.0
22097,10.0,0.0,1.0,0.0,3.0,0.0,0.0,14.0
22099,10.0,0.0,2.0,0.0,3.0,0.0,0.0,15.0
22101,10.0,0.0,2.0,0.0,3.0,0.0,0.0,15.0
22103,9.0,0.0,0.0,0.0,3.0,0.0,0.0,12.0
22105,10.0,0.0,0.0,0.0,3.0,0.0,0.0,13.0
22107,8.0,0.0,0.0,0.0,2.0,0.0,0.0,10.0
22109,10.0,0.0,2.0,0.0,3.0,0.0,0.0,15.0
22111,8.0,1.0,0.0,0.0,2.0,0.0,0.0,11.0
22113,10.0,0.0,0.0,0.0,3.0,0.0,0.0,13.0
22115,8.0,0.0,0.0,0.0,3.0,0.0,0.0,11.0
22117,9.0,0.0,0.0,0.0,3.0,0.0,0.0,12.0
22119,8.0,0.0,0.0,0.0,2.0,0.0,0.0,10.0
22121,9.0,0.0,0.0,0.0,3.0,0.0,0.0,12.0
22123,8.0,0.0,0.0,0.0,2.0,0.0,0.0,10.0
22125,10.0,0.0,2.0,0.0,3.0,0.0,0.0,15.0
22127,8.0,0.0,0.0,0.0,2.0,0.0,0.0,10.0
24009,1.0,0.0,0.0,0.0,0.0,0.0,0.0,1.0
24019,1.0,0.0,0.0,0.0,0.0,0.0,0.0,1.0
24037,1.0,0.0,0.0,0.0,0.0,0.0,0.0,1.0
25001,1.0,1.0,0.0,0.0,0.0,0.0,0.0,2.0
28001,5.0,0.0,0.0,0.0,0.0,0.0,0.0,5.0
28003,2.0,2.0,0.0,0.0,0.0,0.0,0.0,4.0
28005,5.0,1.0,0.0,0.0,0.0,0.0,0.0,6.0
28007,2.0,1.0,0.0,0.0,0.0,0.0,0.0,3.0
28009,2.0,0.0,0.0,0.0,0.0,0.0,0.0,2.0
28011,2.0,2.0,0.0,0.0,0.0,0.0,0.0,4.0
28013,2.0,2.0,0.0,0.0,0.0,0.0,0.0,4.0
28015,2.0,3.0,0.0,0.0,0.0,0.0,0.0,5.0
28017,2.0,4.0,0.0,0.0,0.0,0.0,0.0,6.0
28019,2.0,3.0,0.0,0.0,0.0,0.0,0.0,5.0
28021,3.0,2.0,0.0,0.0,0.0,0.0,0.0,5.0
28023,3.0,3.0,0.0,0.0,0.0,0.0,0.0,6.0
28025,2.0,5.0,0.0,0.0,0.0,0.0,0.0,7.0
28027,2.0,2.0,0.0,0.0,0.0,0.0,0.0,4.0
28029,3.0,1.0,0.0,0.0,0.0,0.0,0.0,4.0
28031,4.0,4.0,0.0,0.0,0.0,0.0,0.0,8.0
28033,2.0,1.0,0.0,0.0,0.0,0.0,0.0,3.0
28035,6.0,1.0,0.0,0.0,0.0,0.0,0.0,7.0
28037,5.0,0.0,0.0,0.0,0.0,0.0,0.0,5.0
28039,7.0,1.0,0.0,0.0,0.0,0.0,0.0,8.0
28041,6.0,1.0,0.0,0.0,0.0,0.0,0.0,7.0
28043,2.0,3.0,0.0,0.0,0.0,0.0,0.0,5.0
28045,7.0,0.0,0.0,0.0,0.0,0.0,0.0,7.0
28047,7.0,0.0,0.0,0.0,0.0,0.0,0.0,7.0
28049,3.0,1.0,0.0,0.0,0.0,0.0,0.0,4.0
28051,2.0,3.0,0.0,0.0,0.0,0.0,0.0,5.0
28053,3.0,1.0,0.0,0.0,0.0,0.0,0.0,4.0
28055,3.0,2.0,0.0,0.0,0.0,0.0,0.0,5.0
28057,2.0,3.0,0.0,0.0,0.0,0.0,0.0,5.0
28059,7.0,0.0,0.0,0.0,0.0,0.0,0.0,7.0
28061,2.0,3.0,0.0,0.0,0.0,0.0,0.0,5.0
28063,5.0,0.0,0.0,0.0,0.0,0.0,0.0,5.0
28065,5.0,3.0,0.0,0.0,0.0,0.0,0.0,8.0
28067,5.0,3.0,0.0,0.0,0.0,0.0,0.0,8.0
28069,2.0,1.0,0.0,0.0,0.0,0.0,0.0,3.0
28071,2.0,2.0,0.0,0.0,0.0,0.0,0.0,4.0
28073,5.0,0.0,0.0,0.0,0.0,0.0,0.0,5.0
28075,2.0,0.0,0.0,0.0,0.0,0.0,0.0,2.0
28077,5.0,2.0,0.0,0.0,0.0,0.0,0.0,7.0
28079,2.0,2.0,0.0,0.0,0.0,0.0,0.0,4.0
28081,2.0,2.0,0.0,0.0,0.0,0.0,0.0,4.0
28083,2.0,2.0,0.0,0.0,0.0,0.0,0.0,4.0
28085,5.0,0.0,0.0,0.0,0.0,0.0,0.0,5.0
28087,2.0,1.0,0.0,0.0,0.0,0.0,0.0,3.0
28089,3.0,0.0,0.0,0.0,0.0,0.0,0.0,3.0
28091,5.0,3.0,0.0,0.0,0.0,0.0,0.0,8.0
28093,2.0,0.0,0.0,0.0,0.0,0.0,0.0,2.0
28095,2.0,2.0,0.0,0.0,0.0,0.0,0.0,4.0
28097,2.0,2.0,0.0,0.0,0.0,0.0,0.0,4.0
28099,2.0,1.0,0.0,0.0,0.0,0.0,0.0,3.0
28101,2.0,2.0,0.0,0.0,0.0,0.0,0.0,4.0
28103,2.0,2.0,0.0,0.0,0.0,0.0,0.0,4.0
28105,2.0,3.0,0.0,0.0,0.0,0.0,0.0,5.0
28107,2.0,3.0,0.0,0.0,0.0,0.0,0.0,5.0
28109,6.0,0.0,0.0,0.0,0.0,0.0,0.0,6.0
28111,6.0,1.0,0.0,0.0,0.0,0.0,0.0,7.0
28113,5.0,1.0,0.0,0.0,0.0,0.0,0.0,6.0
28115,2.0,2.0,0.0,0.0,0.0,0.0,0.0,4.0
28117,2.0,3.0,0.0,0.0,0.0,0.0,0.0,5.0
28119,2.0,3.0,0.0,0.0,0.0,0.0,0.0,5.0
28121,3.0,0.0,0.0,0.0,0.0,0.0,0.0,3.0
28123,2.0,1.0,0.0,0.0,0.0,0.0,0.0,3.0
28125,3.0,2.0,0.0,0.0,0.0,0.0,0.0,5.0
28127,3.0,2.0,0.0,0.0,0.0,0.0,0.0,5.0
28129,2.0,3.0,0.0,0.0,0.0,0.0,0.0,5.0
28131,7.0,0.0,0.0,0.0,0.0,0.0,0.0,7.0
28133,2.0,3.0,0.0,0.0,0.0,0.0,0.0,5.0
28135,2.0,3.0,0.0,0.0,0.0,0.0,0.0,5.0
28137,2.0,1.0,0.0,0.0,0.0,0.0,0.0,3.0
28139,2.0,1.0,0.0,0.0,0.0,0.0,0.0,3.0
28141,2.0,2.0,0.0,0.0,0.0,0.0,0.0,4.0
28143,2.0,1.0,0.0,0.0,0.0,0.0,0.0,3.0
28145,2.0,1.0,0.0,0.0,0.0,0.0,0.0,3.0
28147,5.0,1.0,0.0,0.0,0.0,0.0,0.0,6.0
28149,3.0,3.0,0.0,0.0,0.0,0.0,0.0,6.0
28151,2.0,2.0,0.0,0.0,0.0,0.0,0.0,4.0
28153,6.0,2.0,0.0,0.0,0.0,0.0,0.0,8.0
28155,2.0,2.0,0.0,0.0,0.0,0.0,0.0,4.0
28157,5.0,1.0,0.0,0.0,0.0,0.0,0.0,6.0
28159,2.0,0.0,0.0,0.0,0.0,0.0,0.0,2.0
28161,2.0,2.0,0.0,0.0,0.0,0.0,0.0,4.0
28163,3.0,3.0,0.0,0.0,0.0,0.0,0.0,6.0
34001,3.0,0.0,0.0,0.0,0.0,0.0,0.0,3.0
34003,3.0,1.0,0.0,0.0,0.0,0.0,0.0,4.0
34005,3.0,1.0,0.0,0.0,0.0,0.0,0.0,4.0
34007,2.0,0.0,0.0,0.0,0.0,0.0,0.0,2.0
34009,3.0,0.0,0.0,0.0,0.0,0.0,0.0,3.0
34011,3.0,0.0,0.0,0.0,0.0,0.0,0.0,3.0
34013,3.0,1.0,0.0,0.0,0.0,0.0,0.0,4.0
34015,3.0,0.0,0.0,0.0,0.0,0.0,0.0,3.0
34017,2.0,0.0,0.0,0.0,0.0,0.0,0.0,2.0
34019,2.0,0.0,0.0,0.0,0.0,0.0,0.0,2.0
34021,2.0,0.0,0.0,0.0,0.0,0.0,0.0,2.0
34023,2.0,0.0,0.0,0.0,0.0,0.0,0.0,2.0
34025,3.0,0.0,0.0,0.0,0.0,0.0,0.0,3.0
34027,3.0,1.0,0.0,0.0,0.0,0.0,0.0,4.0
34029,2.0,0.0,0.0,0.0,0.0,0.0,0.0,2.0
34031,2.0,1.0,0.0,0.0,0.0,0.0,0.0,3.0
34033,3.0,0.0,0.0,0.0,0.0,0.0,0.0,3.0
34035,2.0,1.0,0.0,0.0,0.0,0.0,0.0,3.0
34037,3.0,0.0,0.0,0.0,0.0,0.0,0.0,3.0
34039,2.0,0.0,0.0,0.0,0.0,0.0,0.0,2.0
34041,2.0,0.0,0.0,0.0,0.0,0.0,0.0,2.0
36001,1.0,0.0,0.0,0.0,0.0,0.0,0.0,1.0
36003,1.0,0.0,0.0,0.0,0.0,0.0,0.0,1.0
36005,3.0,0.0,0.0,0.0,0.0,0.0,0.0,3.0
36007,1.0,0.0,1.0,0.0,0.0,0.0,0.0,2.0
36011,1.0,0.0,0.0,0.0,0.0,0.0,0.0,1.0
36017,1.0,1.0,1.0,0.0,0.0,0.0,0.0,3.0
36021,1.0,0.0,0.0,0.0,0.0,0.0,0.0,1.0
36023,1.0,1.0,0.0,0.0,0.0,0.0,0.0,2.0
36025,1.0,0.0,1.0,0.0,0.0,0.0,0.0,2.0
36027,3.0,0.0,0.0,0.0,0.0,0.0,0.0,3.0
36039,1.0,0.0,0.0,0.0,0.0,0.0,0.0,1.0
36047,3.0,0.0,0.0,0.0,0.0,0.0,0.0,3.0
36049,1.0,1.0,0.0,0.0,0.0,0.0,0.0,2.0
36057,1.0,1.0,0.0,0.0,0.0,0.0,0.0,2.0
36059,4.0,0.0,0.0,0.0,0.0,0.0,0.0,4.0
36061,3.0,0.0,0.0,0.0,0.0,0.0,0.0,3.0
36065,1.0,1.0,0.0,0.0,0.0,0.0,0.0,2.0
36067,1.0,0.0,0.0,0.0,0.0,0.0,0.0,1.0
36071,3.0,0.0,0.0,0.0,0.0,0.0,0.0,3.0
36077,1.0,1.0,0.0,0.0,0.0,0.0,0.0,2.0
36079,4.0,0.0,0.0,0.0,0.0,0.0,0.0,4.0
36081,4.0,0.0,0.0,0.0,0.0,0.0,0.0,4.0
36083,1.0,0.0,0.0,0.0,0.0,0.0,0.0,1.0
36085,4.0,0.0,0.0,0.0,0.0,0.0,0.0,4.0
36087,4.0,0.0,0.0,0.0,0.0,0.0,0.0,4.0
36091,1.0,1.0,0.0,0.0,0.0,0.0,0.0,2.0
36093,1.0,0.0,0.0,0.0,0.0,0.0,0.0,1.0
36095,1.0,0.0,0.0,0.0,0.0,0.0,0.0,1.0
36101,1.0,0.0,0.0,0.0,0.0,0.0,0.0,1.0
36103,4.0,0.0,0.0,0.0,0.0,0.0,0.0,4.0
36105,3.0,0.0,0.0,0.0,0.0,0.0,0.0,3.0
36107,1.0,1.0,1.0,0.0,0.0,0.0,0.0,3.0
36111,3.0,0.0,0.0,0.0,0.0,0.0,0.0,3.0
36119,4.0,0.0,0.0,0.0,0.0,0.0,0.0,4.0
36123,1.0,0.0,0.0,0.0,0.0,0.0,0.0,1.0
37001,6.0,0.0,0.0,0.0,0.0,0.0,0.0,6.0
37003,4.0,2.0,0.0,0.0,0.0,0.0,0.0,6.0
37005,5.0,1.0,0.0,0.0,0.0,0.0,0.0,6.0
37007,5.0,0.0,0.0,0.0,0.0,0.0,0.0,5.0
37009,6.0,2.0,0.0,0.0,0.0,0.0,0.0,8.0
37011,5.0,0.0,0.0,0.0,0.0,0.0,0.0,5.0
37013,7.0,1.0,0.0,0.0,0.0,0.0,0.0,8.0
37015,6.0,0.0,0.0,0.0,0.0,0.0,0.0,6.0
37017,6.0,0.0,0.0,0.0,0.0,0.0,0.0,6.0
37019,8.0,0.0,0.0,0.0,0.0,0.0,0.0,8.0
37021,5.0,0.0,0.0,0.0,0.0,0.0,0.0,5.0
37023,4.0,1.0,0.0,0.0,0.0,0.0,0.0,5.0
37025,5.0,0.0,0.0,0.0,0.0,0.0,0.0,5.0
37027,4.0,1.0,0.0,0.0,0.0,0.0,0.0,5.0
37029,5.0,0.0,0.0,0.0,0.0,0.0,0.0,5.0
37031,7.0,0.0,0.0,0.0,0.0,0.0,0.0,7.0
37033,5.0,0.0,0.0,0.0,0.0,0.0,0.0,5.0
37035,4.0,0.0,0.0,0.0,0.0,0.0,0.0,4.0
37037,6.0,0.0,0.0,0.0,0.0,0.0,0.0,6.0
37039,4.0,1.0,0.0,0.0,0.0,0.0,0.0,5.0
37041,6.0,0.0,0.0,0.0,0.0,0.0,0.0,6.0
37043,4.0,0.0,0.0,0.0,0.0,0.0,0.0,4.0
37045,4.0,1.0,0.0,0.0,0.0,0.0,0.0,5.0
37047,7.0,0.0,0.0,0.0,0.0,0.0,0.0,7.0
37049,7.0,0.0,0.0,0.0,0.0,0.0,0.0,7.0
37051,5.0,0.0,0.0,0.0,0.0,0.0,0.0,5.0
37053,5.0,0.0,0.0,0.0,0.0,0.0,0.0,5.0
37055,7.0,0.0,0.0,0.0,0.0,0.0,0.0,7.0
37057,6.0,1.0,0.0,0.0,0.0,0.0,0.0,7.0
37059,5.0,1.0,0.0,0.0,0.0,0.0,0.0,6.0
37061,6.0,1.0,0.0,0.0,0.0,0.0,0.0,7.0
37063,5.0,0.0,0.0,0.0,0.0,0.0,0.0,5.0
37065,4.0,1.0,0.0,0.0,0.0,0.0,0.0,5.0
37067,5.0,0.0,0.0,0.0,0.0,0.0,0.0,5.0
37069,4.0,0.0,0.0,0.0,0.0,0.0,0.0,4.0
37071,4.0,1.0,0.0,0.0,0.0,0.0,0.0,5.0
37073,4.0,0.0,0.0,0.0,0.0,0.0,0.0,4.0
37075,5.0,1.0,0.0,0.0,0.0,0.0,0.0,6.0
37077,6.0,0.0,0.0,0.0,0.0,0.0,0.0,6.0
37079,6.0,0.0,0.0,0.0,0.0,0.0,0.0,6.0
37081,5.0,1.0,0.0,0.0,0.0,0.0,0.0,6.0
37083,4.0,0.0,0.0,0.0,0.0,0.0,0.0,4.0
37085,5.0,0.0,0.0,0.0,0.0,0.0,0.0,5.0
37087,5.0,0.0,0.0,0.0,0.0,0.0,0.0,5.0
37089,4.0,0.0,0.0,0.0,0.0,0.0,0.0,4.0
37091,5.0,1.0,0.0,0.0,0.0,0.0,0.0,6.0
37093,6.0,0.0,0.0,0.0,0.0,0.0,0.0,6.0
37095,8.0,0.0,0.0,0.0,0.0,0.0,0.0,8.0
37097,5.0,1.0,0.0,0.0,0.0,0.0,0.0,6.0
37099,5.0,0.0,0.0,0.0,0.0,0.0,0.0,5.0
37101,5.0,0.0,0.0,0.0,0.0,0.0,0.0,5.0
37103,7.0,0.0,0.0,0.0,0.0,0.0,0.0,7.0
37105,5.0,0.0,0.0,0.0,0.0,0.0,0.0,5.0
37107,7.0,0.0,0.0,0.0,0.0,0.0,0.0,7.0
37109,4.0,0.0,0.0,0.0,0.0,0.0,0.0,4.0
37111,6.0,0.0,0.0,0.0,0.0,0.0,0.0,6.0
37113,4.0,0.0,0.0,0.0,0.0,0.0,0.0,4.0
37115,6.0,1.0,0.0,0.0,0.0,0.0,0.0,7.0
37117,4.0,0.0,0.0,0.0,0.0,0.0,0.0,4.0
37119,4.0,0.0,0.0,0.0,0.0,0.0,0.0,4.0
37121,5.0,1.0,0.0,0.0,0.0,0.0,0.0,6.0
37123,6.0,0.0,0.0,0.0,0.0,0.0,0.0,6.0
37125,5.0,0.0,0.0,0.0,0.0,0.0,0.0,5.0
37127,4.0,0.0,0.0,0.0,0.0,0.0,0.0,4.0
37129,7.0,0.0,0.0,0.0,0.0,0.0,0.0,7.0
37131,4.0,0.0,0.0,0.0,0.0,0.0,0.0,4.0
37133,7.0,0.0,0.0,0.0,0.0,0.0,0.0,7.0
37135,6.0,0.0,0.0,0.0,0.0,0.0,0.0,6.0
37137,7.0,0.0,0.0,0.0,0.0,0.0,0.0,7.0
37139,5.0,0.0,0.0,0.0,0.0,0.0,0.0,5.0
37141,7.0,1.0,0.0,0.0,0.0,0.0,0.0,8.0
37143,5.0,1.0,0.0,0.0,0.0,0.0,0.0,6.0
37145,6.0,0.0,0.0,0.0,0.0,0.0,0.0,6.0
37147,7.0,0.0,0.0,0.0,0.0,0.0,0.0,7.0
37149,5.0,1.0,0.0,0.0,0.0,0.0,0.0,6.0
37151,6.0,1.0,0.0,0.0,0.0,0.0,0.0,7.0
37153,5.0,0.0,0.0,0.0,0.0,0.0,0.0,5.0
37155,6.0,1.0,0.0,0.0,0.0,0.0,0.0,7.0
37157,5.0,1.0,0.0,0.0,0.0,0.0,0.0,6.0
37159,5.0,1.0,0.0,0.0,0.0,0.0,0.0,6.0
37161,4.0,1.0,0.0,0.0,0.0,0.0,0.0,5.0
37163,6.0,1.0,0.0,0.0,0.0,0.0,0.0,7.0
37165,5.0,0.0,0.0,0.0,0.0,0.0,0.0,5.0
37167,5.0,1.0,0.0,0.0,0.0,0.0,0.0,6.0
37169,5.0,2.0,0.0,0.0,0.0,0.0,0.0,7.0
37171,5.0,0.0,0.0,0.0,0.0,0.0,0.0,5.0
37173,4.0,1.0,0.0,0.0,0.0,0.0,0.0,5.0
37175,5.0,0.0,0.0,0.0,0.0,0.0,0.0,5.0
37177,6.0,0.0,0.0,0.0,0.0,0.0,0.0,6.0
37179,5.0,0.0,0.0,0.0,0.0,0.0,0.0,5.0
37181,5.0,0.0,0.0,0.0,0.0,0.0,0.0,5.0
37183,4.0,0.0,0.0,0.0,0.0,0.0,0.0,4.0
37185,4.0,0.0,0.0,0.0,0.0,0.0,0.0,4.0
37187,5.0,0.0,0.0,0.0,0.0,0.0,0.0,5.0
37189,5.0,0.0,0.0,0.0,0.0,0.0,0.0,5.0
37191,6.0,1.0,0.0,0.0,0.0,0.0,0.0,7.0
37193,4.0,1.0,0.0,0.0,0.0,0.0,0.0,5.0
37195,5.0,1.0,0.0,0.0,0.0,0.0,0.0,6.0
37197,5.0,2.0,0.0,0.0,0.0,0.0,0.0,7.0
37199,6.0,1.0,0.0,0.0,0.0,0.0,0.0,7.0
42009,1.0,0.0,0.0,0.0,0.0,0.0,0.0,1.0
42017,1.0,0.0,0.0,0.0,0.0,0.0,0.0,1.0
42029,1.0,0.0,0.0,0.0,0.0,0.0,0.0,1.0
42043,1.0,0.0,0.0,0.0,0.0,0.0,0.0,1.0
42045,1.0,0.0,0.0,0.0,0.0,0.0,0.0,1.0
42057,1.0,0.0,0.0,0.0,0.0,0.0,0.0,1.0
42061,1.0,0.0,0.0,0.0,0.0,0.0,0.0,1.0
42079,1.0,0.0,0.0,0.0,0.0,0.0,0.0,1.0
42091,1.0,0.0,0.0,0.0,0.0,0.0,0.0,1.0
42095,1.0,1.0,0.0,0.0,0.0,0.0,0.0,2.0
42101,1.0,0.0,0.0,0.0,0.0,0.0,0.0,1.0
42107,1.0,1.0,0.0,0.0,0.0,0.0,0.0,2.0
42133,1.0,0.0,0.0,0.0,0.0,0.0,0.0,1.0
44001,1.0,0.0,0.0,0.0,0.0,0.0,0.0,1.0
44003,1.0,0.0,0.0,0.0,0.0,0.0,0.0,1.0
44005,1.0,0.0,0.0,0.0,0.0,0.0,0.0,1.0
44007,1.0,0.0,0.0,0.0,0.0,0.0,0.0,1.0
44009,1.0,0.0,0.0,0.0,0.0,0.0,0.0,1.0
45001,4.0,0.0,0.0,0.0,0.0,0.0,0.0,4.0
45003,4.0,1.0,0.0,0.0,0.0,0.0,0.0,5.0
45005,5.0,0.0,0.0,0.0,0.0,0.0,0.0,5.0
45007,4.0,1.0,0.0,0.0,0.0,0.0,0.0,5.0
45009,4.0,1.0,0.0,0.0,0.0,0.0,0.0,5.0
45011,4.0,2.0,0.0,0.0,0.0,0.0,0.0,6.0
45013,5.0,0.0,0.0,0.0,0.0,0.0,0.0,5.0
45015,6.0,1.0,0.0,0.0,0.0,0.0,0.0,7.0
45017,5.0,0.0,0.0,0.0,0.0,0.0,0.0,5.0
45019,6.0,0.0,0.0,0.0,0.0,0.0,0.0,6.0
45021,4.0,0.0,0.0,0.0,0.0,0.0,0.0,4.0
45023,4.0,1.0,0.0,0.0,0.0,0.0,0.0,5.0
45025,5.0,0.0,0.0,0.0,0.0,0.0,0.0,5.0
45027,5.0,0.0,0.0,0.0,0.0,0.0,0.0,5.0
45029,6.0,1.0,0.0,0.0,0.0,0.0,0.0,7.0
45031,5.0,0.0,0.0,0.0,0.0,0.0,0.0,5.0
45033,6.0,0.0,0.0,0.0,0.0,0.0,0.0,6.0
45035,6.0,0.0,0.0,0.0,0.0,0.0,0.0,6.0
45037,4.0,0.0,0.0,0.0,0.0,0.0,0.0,4.0
45039,4.0,0.0,0.0,0.0,0.0,0.0,0.0,4.0
45041,5.0,0.0,0.0,0.0,0.0,0.0,0.0,5.0
45043,6.0,1.0,0.0,0.0,0.0,0.0,0.0,7.0
45045,4.0,1.0,0.0,0.0,0.0,0.0,0.0,5.0
45047,4.0,0.0,0.0,0.0,0.0,0.0,0.0,4.0
45049,4.0,2.0,0.0,0.0,0.0,0.0,0.0,6.0
45051,6.0,0.0,0.0,0.0,0.0,0.0,0.0,6.0
45053,6.0,0.0,0.0,0.0,0.0,0.0,0.0,6.0
45055,4.0,0.0,0.0,0.0,0.0,0.0,0.0,4.0
45057,5.0,0.0,0.0,0.0,0.0,0.0,0.0,5.0
45059,4.0,0.0,0.0,0.0,0.0,0.0,0.0,4.0
45061,4.0,0.0,0.0,0.0,0.0,0.0,0.0,4.0
45063,4.0,0.0,0.0,0.0,0.0,0.0,0.0,4.0
45065,4.0,0.0,0.0,0.0,0.0,0.0,0.0,4.0
45067,6.0,0.0,0.0,0.0,0.0,0.0,0.0,6.0
45069,5.0,1.0,0.0,0.0,0.0,0.0,0.0,6.0
45071,4.0,1.0,0.0,0.0,0.0,0.0,0.0,5.0
45073,4.0,2.0,0.0,0.0,0.0,0.0,0.0,6.0
45075,5.0,1.0,0.0,0.0,0.0,0.0,0.0,6.0
45077,4.0,2.0,0.0,0.0,0.0,0.0,0.0,6.0
45079,4.0,0.0,0.0,0.0,0.0,0.0,0.0,4.0
45081,4.0,0.0,0.0,0.0,0.0,0.0,0.0,4.0
45083,4.0,1.0,0.0,0.0,0.0,0.0,0.0,5.0
45085,5.0,0.0,0.0,0.0,0.0,0.0,0.0,5.0
45087,4.0,0.0,0.0,0.0,0.0,0.0,0.0,4.0
45089,6.0,0.0,0.0,0.0,0.0,0.0,0.0,6.0
45091,4.0,0.0,0.0,0.0,0.0,0.0,0.0,4.0
48001,1.0,0.0,0.0,0.0,0.0,0.0,0.0,1.0
48005,1.0,0.0,0.0,0.0,0.0,0.0,0.0,1.0
48007,2.0,0.0,0.0,0.0,0.0,0.0,0.0,2.0
48025,1.0,0.0,0.0,0.0,0.0,0.0,0.0,1.0
48029,2.0,0.0,0.0,0.0,0.0,0.0,0.0,2.0
48037,1.0,0.0,0.0,0.0,0.0,0.0,0.0,1.0
48039,2.0,0.0,0.0,0.0,0.0,0.0,0.0,2.0
48047,1.0,0.0,0.0,0.0,0.0,0.0,0.0,1.0
48057,2.0,0.0,0.0,0.0,0.0,0.0,0.0,2.0
48061,2.0,0.0,2.0,0.0,0.0,0.0,0.0,4.0
48063,1.0,0.0,0.0,0.0,0.0,0.0,0.0,1.0
48067,1.0,0.0,0.0,0.0,0.0,0.0,0.0,1.0
48071,1.0,0.0,1.0,0.0,0.0,0.0,0.0,2.0
48073,1.0,0.0,0.0,0.0,0.0,0.0,0.0,1.0
48113,1.0,0.0,0.0,0.0,0.0,0.0,0.0,1.0
48127,1.0,0.0,1.0,0.0,0.0,0.0,0.0,2.0
48131,1.0,0.0,0.0,0.0,0.0,0.0,0.0,1.0
48139,1.0,0.0,0.0,0.0,0.0,0.0,0.0,1.0
48157,2.0,0.0,0.0,0.0,0.0,0.0,0.0,2.0
48159,1.0,0.0,1.0,0.0,0.0,0.0,0.0,2.0
48167,3.0,0.0,0.0,0.0,0.0,0.0,0.0,3.0
48175,1.0,0.0,0.0,0.0,0.0,0.0,0.0,1.0
48183,1.0,0.0,0.0,0.0,0.0,0.0,0.0,1.0
48185,1.0,0.0,1.0,0.0,0.0,0.0,0.0,2.0
48199,1.0,0.0,0.0,0.0,0.0,0.0,0.0,1.0
48201,2.0,0.0,1.0,0.0,0.0,0.0,0.0,3.0
48203,1.0,0.0,0.0,0.0,0.0,0.0,0.0,1.0
48215,1.0,0.0,2.0,0.0,0.0,0.0,0.0,3.0
48225,1.0,0.0,1.0,0.0,0.0,0.0,0.0,2.0
48239,2.0,0.0,0.0,0.0,0.0,0.0,0.0,2.0
48241,2.0,0.0,0.0,0.0,0.0,0.0,0.0,2.0
48245,2.0,0.0,1.0,0.0,0.0,0.0,0.0,3.0
48247,1.0,0.0,0.0,0.0,0.0,0.0,0.0,1.0
48249,1.0,0.0,1.0,0.0,0.0,0.0,0.0,2.0
48261,2.0,0.0,0.0,0.0,0.0,0.0,0.0,2.0
48273,2.0,0.0,0.0,0.0,0.0,0.0,0.0,2.0
48283,1.0,0.0,0.0,0.0,0.0,0.0,0.0,1.0
48289,1.0,0.0,0.0,0.0,0.0,0.0,0.0,1.0
48291,1.0,0.0,1.0,0.0,0.0,0.0,0.0,2.0
48297,1.0,0.0,0.0,0.0,0.0,0.0,0.0,1.0
48311,1.0,0.0,0.0,0.0,0.0,0.0,0.0,1.0
48313,1.0,0.0,1.0,0.0,0.0,0.0,0.0,2.0
48315,1.0,0.0,0.0,0.0,0.0,0.0,0.0,1.0
48321,2.0,0.0,0.0,0.0,0.0,0.0,0.0,2.0
48339,1.0,0.0,1.0,0.0,0.0,0.0,0.0,2.0
48343,1.0,0.0,0.0,0.0,0.0,0.0,0.0,1.0
48347,1.0,0.0,0.0,0.0,0.0,0.0,0.0,1.0
48351,2.0,0.0,0.0,0.0,0.0,0.0,0.0,2.0
48355,2.0,0.0,0.0,0.0,0.0,0.0,0.0,2.0
48361,2.0,0.0,1.0,0.0,0.0,0.0,0.0,3.0
48365,1.0,0.0,0.0,0.0,0.0,0.0,0.0,1.0
48373,1.0,0.0,1.0,0.0,0.0,0.0,0.0,2.0
48387,1.0,0.0,0.0,0.0,0.0,0.0,0.0,1.0
48391,2.0,0.0,0.0,0.0,0.0,0.0,0.0,2.0
48401,1.0,0.0,0.0,0.0,0.0,0.0,0.0,1.0
48403,1.0,0.0,0.0,0.0,0.0,0.0,0.0,1.0
48405,1.0,0.0,0.0,0.0,0.0,0.0,0.0,1.0
48407,1.0,0.0,1.0,0.0,0.0,0.0,0.0,2.0
48409,2.0,0.0,0.0,0.0,0.0,0.0,0.0,2.0
48419,1.0,0.0,0.0,0.0,0.0,0.0,0.0,1.0
48423,1.0,0.0,0.0,0.0,0.0,0.0,0.0,1.0
48427,1.0,0.0,0.0,0.0,0.0,0.0,0.0,1.0
48439,1.0,0.0,0.0,0.0,0.0,0.0,0.0,1.0
48449,1.0,0.0,0.0,0.0,0.0,0.0,0.0,1.0
48453,1.0,0.0,1.0,0.0,0.0,0.0,0.0,2.0
48455,1.0,0.0,0.0,0.0,0.0,0.0,0.0,1.0
48457,1.0,0.0,0.0,0.0,0.0,0.0,0.0,1.0
48459,1.0,0.0,0.0,0.0,0.0,0.0,0.0,1.0
48469,2.0,0.0,0.0,0.0,0.0,0.0,0.0,2.0
48471,1.0,0.0,1.0,0.0,0.0,0.0,0.0,2.0
48473,1.0,0.0,0.0,0.0,0.0,0.0,0.0,1.0
48479,1.0,0.0,0.0,0.0,0.0,0.0,0.0,1.0
48481,2.0,0.0,0.0,0.0,0.0,0.0,0.0,2.0
48489,2.0,0.0,1.0,0.0,0.0,0.0,0.0,3.0
48499,1.0,0.0,0.0,0.0,0.0,0.0,0.0,1.0
48505,1.0,0.0,0.0,0.0,0.0,0.0,0.0,1.0
50001,1.0,2.0,0.0,0.0,0.0,0.0,0.0,3.0
50003,1.0,0.0,2.0,0.0,0.0,0.0,0.0,3.0
50005,1.0,0.0,0.0,0.0,0.0,0.0,0.0,1.0
50007,1.0,3.0,0.0,0.0,0.0,0.0,0.0,4.0
50009,1.0,2.0,1.0,0.0,0.0,0.0,0.0,4.0
50011,1.0,2.0,0.0,0.0,0.0,0.0,0.0,3.0
50013,1.0,2.0,0.0,0.0,0.0,0.0,0.0,3.0
50015,1.0,3.0,0.0,0.0,0.0,0.0,0.0,4.0
50017,1.0,3.0,1.0,0.0,0.0,0.0,0.0,5.0
50019,1.0,3.0,0.0,0.0,0.0,0.0,0.0,4.0
50021,1.0,0.0,1.0,0.0,0.0,0.0,0.0,2.0
50023,1.0,2.0,1.0,0.0,0.0,0.0,0.0,4.0
50025,1.0,1.0,1.0,0.0,0.0,0.0,0.0,3.0
50027,1.0,0.0,1.0,0.0,0.0,0.0,0.0,2.0
51001,1.0,0.0,0.0,0.0,0.0,0.0,0.0,1.0
51003,1.0,1.0,0.0,0.0,0.0,0.0,0.0,2.0
51005,1.0,0.0,0.0,0.0,0.0,0.0,0.0,1.0
51007,2.0,1.0,0.0,0.0,0.0,0.0,0.0,3.0
51009,1.0,0.0,0.0,0.0,0.0,0.0,0.0,1.0
51011,2.0,1.0,0.0,0.0,0.0,0.0,0.0,3.0
51013,1.0,0.0,0.0,0.0,0.0,0.0,0.0,1.0
51015,1.0,0.0,0.0,0.0,0.0,0.0,0.0,1.0
51017,1.0,0.0,0.0,0.0,0.0,0.0,0.0,1.0
51019,1.0,0.0,0.0,0.0,0.0,0.0,0.0,1.0
51021,1.0,0.0,0.0,0.0,0.0,0.0,0.0,1.0
51023,2.0,0.0,0.0,0.0,0.0,0.0,0.0,2.0
51025,2.0,0.0,0.0,0.0,0.0,0.0,0.0,2.0
51027,1.0,1.0,1.0,0.0,0.0,0.0,0.0,3.0
51029,1.0,1.0,0.0,0.0,0.0,0.0,0.0,2.0
51031,2.0,0.0,0.0,0.0,0.0,0.0,0.0,2.0
51033,1.0,1.0,0.0,0.0,0.0,0.0,0.0,2.0
51035,1.0,0.0,0.0,0.0,0.0,0.0,0.0,1.0
51036,2.0,0.0,0.0,0.0,0.0,0.0,0.0,2.0
51037,2.0,1.0,0.0,0.0,0.0,0.0,0.0,3.0
51041,3.0,0.0,0.0,0.0,0.0,0.0,0.0,3.0
51043,1.0,0.0,0.0,0.0,0.0,0.0,0.0,1.0
51045,2.0,0.0,0.0,0.0,0.0,0.0,0.0,2.0
51047,1.0,1.0,0.0,0.0,0.0,0.0,0.0,2.0
51049,2.0,1.0,0.0,0.0,0.0,0.0,0.0,3.0
51051,1.0,0.0,0.0,0.0,0.0,0.0,0.0,1.0
51053,2.0,0.0,0.0,0.0,0.0,0.0,0.0,2.0
51057,2.0,1.0,0.0,0.0,0.0,0.0,0.0,3.0
51059,1.0,0.0,0.0,0.0,0.0,0.0,0.0,1.0
51061,1.0,1.0,0.0,0.0,0.0,0.0,0.0,2.0
51063,3.0,0.0,0.0,0.0,0.0,0.0,0.0,3.0
51065,2.0,1.0,0.0,0.0,0.0,0.0,0.0,3.0
51067,3.0,0.0,0.0,0.0,0.0,0.0,0.0,3.0
51069,1.0,0.0,0.0,0.0,0.0,0.0,0.0,1.0
51071,1.0,0.0,0.0,0.0,0.0,0.0,0.0,1.0
51073,1.0,0.0,0.0,0.0,0.0,0.0,0.0,1.0
51075,1.0,1.0,0.0,0.0,0.0,0.0,0.0,2.0
51077,3.0,0.0,0.0,0.0,0.0,0.0,0.0,3.0
51079,1.0,1.0,0.0,0.0,0.0,0.0,0.0,2.0
51081,1.0,0.0,0.0,0.0,0.0,0.0,0.0,1.0
51083,3.0,0.0,0.0,0.0,0.0,0.0,0.0,3.0
51085,1.0,1.0,0.0,0.0,0.0,0.0,0.0,2.0
51087,1.0,0.0,0.0,0.0,0.0,0.0,0.0,1.0
51089,2.0,0.0,0.0,0.0,0.0,0.0,0.0,2.0
51091,1.0,0.0,0.0,0.0,0.0,0.0,0.0,1.0
51093,2.0,0.0,0.0,0.0,0.0,0.0,0.0,2.0
51095,2.0,0.0,0.0,0.0,0.0,0.0,0.0,2.0
51097,3.0,0.0,0.0,0.0,0.0,0.0,0.0,3.0
51099,1.0,1.0,0.0,0.0,0.0,0.0,0.0,2.0
51101,3.0,1.0,0.0,0.0,0.0,0.0,0.0,4.0
51103,3.0,0.0,0.0,0.0,0.0,0.0,0.0,3.0
51105,1.0,0.0,0.0,0.0,0.0,0.0,0.0,1.0
51107,1.0,0.0,0.0,0.0,0.0,0.0,0.0,1.0
51109,1.0,1.0,0.0,0.0,0.0,0.0,0.0,2.0
51111,3.0,0.0,0.0,0.0,0.0,0.0,0.0,3.0
51113,1.0,1.0,0.0,0.0,0.0,0.0,0.0,2.0
51115,2.0,0.0,0.0,0.0,0.0,0.0,0.0,2.0
51117,3.0,0.0,0.0,0.0,0.0,0.0,0.0,3.0
51119,2.0,0.0,0.0,0.0,0.0,0.0,0.0,2.0
51121,2.0,0.0,0.0,0.0,0.0,0.0,0.0,2.0
51125,2.0,1.0,0.0,0.0,0.0,0.0,0.0,3.0
51127,2.0,0.0,0.0,0.0,0.0,0.0,0.0,2.0
51131,2.0,0.0,0.0,0.0,0.0,0.0,0.0,2.0
51133,3.0,0.0,0.0,0.0,0.0,0.0,0.0,3.0
51135,3.0,0.0,0.0,0.0,0.0,0.0,0.0,3.0
51137,1.0,1.0,0.0,0.0,0.0,0.0,0.0,2.0
51139,1.0,0.0,0.0,0.0,0.0,0.0,0.0,1.0
51141,2.0,0.0,0.0,0.0,0.0,0.0,0.0,2.0
51143,3.0,0.0,0.0,0.0,0.0,0.0,0.0,3.0
51145,2.0,1.0,0.0,0.0,0.0,0.0,0.0,3.0
51147,2.0,1.0,0.0,0.0,0.0,0.0,0.0,3.0
51149,1.0,0.0,0.0,0.0,0.0,0.0,0.0,1.0
51153,1.0,0.0,0.0,0.0,0.0,0.0,0.0,1.0
51155,2.0,0.0,0.0,0.0,0.0,0.0,0.0,2.0
51157,2.0,1.0,0.0,0.0,0.0,0.0,0.0,3.0
51159,2.0,0.0,0.0,0.0,0.0,0.0,0.0,2.0
51161,2.0,0.0,0.0,0.0,0.0,0.0,0.0,2.0
51163,1.0,0.0,0.0,0.0,0.0,0.0,0.0,1.0
51165,1.0,0.0,0.0,0.0,0.0,0.0,0.0,1.0
51167,2.0,0.0,0.0,0.0,0.0,0.0,0.0,2.0
51169,1.0,0.0,0.0,0.0,0.0,0.0,0.0,1.0
51171,1.0,0.0,0.0,0.0,0.0,0.0,0.0,1.0
51173,1.0,0.0,0.0,0.0,0.0,0.0,0.0,1.0
51175,1.0,0.0,0.0,0.0,0.0,0.0,0.0,1.0
51177,1.0,1.0,0.0,0.0,0.0,0.0,0.0,2.0
51179,1.0,1.0,0.0,0.0,0.0,0.0,0.0,2.0
51181,1.0,0.0,0.0,0.0,0.0,0.0,0.0,1.0
51183,1.0,0.0,0.0,0.0,0.0,0.0,0.0,1.0
51185,1.0,1.0,0.0,0.0,0.0,0.0,0.0,2.0
51187,1.0,0.0,0.0,0.0,0.0,0.0,0.0,1.0
51191,1.0,0.0,0.0,0.0,0.0,0.0,0.0,1.0
51193,2.0,1.0,0.0,0.0,0.0,0.0,0.0,3.0
51195,1.0,0.0,0.0,0.0,0.0,0.0,0.0,1.0
51197,1.0,0.0,0.0,0.0,0.0,0.0,0.0,1.0
51199,1.0,0.0,0.0,0.0,0.0,0.0,0.0,1.0
51510,1.0,0.0,0.0,0.0,0.0,0.0,0.0,1.0
51515,1.0,1.0,0.0,0.0,0.0,0.0,0.0,2.0
51520,2.0,0.0,0.0,0.0,0.0,0.0,0.0,2.0
51530,1.0,0.0,0.0,0.0,0.0,0.0,0.0,1.0
51540,1.0,0.0,0.0,0.0,0.0,0.0,0.0,1.0
51550,1.0,0.0,0.0,0.0,0.0,0.0,0.0,1.0
51570,1.0,0.0,0.0,0.0,0.0,0.0,0.0,1.0
51580,1.0,0.0,0.0,0.0,0.0,0.0,0.0,1.0
51590,3.0,0.0,0.0,0.0,0.0,0.0,0.0,3.0
51595,1.0,0.0,0.0,0.0,0.0,0.0,0.0,1.0
51600,1.0,0.0,0.0,0.0,0.0,0.0,0.0,1.0
51610,1.0,0.0,0.0,0.0,0.0,0.0,0.0,1.0
51620,2.0,0.0,0.0,0.0,0.0,0.0,0.0,2.0
51630,1.0,1.0,0.0,0.0,0.0,0.0,0.0,2.0
51640,2.0,0.0,0.0,0.0,0.0,0.0,0.0,2.0
51650,2.0,0.0,0.0,0.0,0.0,0.0,0.0,2.0
51660,1.0,0.0,0.0,0.0,0.0,0.0,0.0,1.0
51670,1.0,0.0,0.0,0.0,0.0,0.0,0.0,1.0
51678,1.0,0.0,0.0,0.0,0.0,0.0,0.0,1.0
51680,1.0,0.0,0.0,0.0,0.0,0.0,0.0,1.0
51683,1.0,0.0,0.0,0.0,0.0,0.0,0.0,1.0
51685,1.0,0.0,0.0,0.0,0.0,0.0,0.0,1.0
51690,3.0,0.0,0.0,0.0,0.0,0.0,0.0,3.0
51700,2.0,0.0,0.0,0.0,0.0,0.0,0.0,2.0
51710,1.0,0.0,0.0,0.0,0.0,0.0,0.0,1.0
51720,1.0,0.0,0.0,0.0,0.0,0.0,0.0,1.0
51730,1.0,0.0,0.0,0.0,0.0,0.0,0.0,1.0
51735,1.0,0.0,0.0,0.0,0.0,0.0,0.0,1.0
51740,1.0,0.0,0.0,0.0,0.0,0.0,0.0,1.0
51750,1.0,0.0,0.0,0.0,0.0,0.0,0.0,1.0
51760,2.0,0.0,0.0,0.0,0.0,0.0,0.0,2.0
51770,2.0,0.0,0.0,0.0,0.0,0.0,0.0,2.0
51775,1.0,0.0,0.0,0.0,0.0,0.0,0.0,1.0
51790,1.0,0.0,0.0,0.0,0.0,0.0,0.0,1.0
51800,1.0,0.0,0.0,0.0,0.0,0.0,0.0,1.0
51810,1.0,0.0,0.0,0.0,0.0,0.0,0.0,1.0
51820,1.0,0.0,0.0,0.0,0.0,0.0,0.0,1.0
51830,2.0,0.0,0.0,0.0,0.0,0.0,0.0,2.0
51840,1.0,0.0,0.0,0.0,0.0,0.0,0.0,1.0
60010,2.0,0.0,0.0,0.0,0.0,0.0,0.0,2.0
60020,2.0,0.0,0.0,0.0,0.0,0.0,0.0,2.0
60030,2.0,0.0,0.0,0.0,0.0,0.0,0.0,2.0
60040,2.0,0.0,0.0,0.0,0.0,0.0,0.0,2.0
60050,2.0,0.0,0.0,0.0,0.0,0.0,0.0,2.0
72001,4.0,1.0,0.0,0.0,0.0,0.0,0.0,5.0
72003,5.0,1.0,0.0,0.0,0.0,0.0,0.0,6.0
72005,4.0,1.0,0.0,0.0,0.0,0.0,0.0,5.0
72007,4.0,1.0,0.0,0.0,0.0,0.0,0.0,5.0
72009,4.0,1.0,0.0,0.0,0.0,0.0,0.0,5.0
72011,4.0,1.0,0.0,0.0,0.0,0.0,0.0,5.0
72013,4.0,1.0,1.0,0.0,0.0,0.0,0.0,6.0
72015,4.0,1.0,0.0,0.0,0.0,0.0,0.0,5.0
72017,4.0,1.0,0.0,0.0,0.0,0.0,0.0,5.0
72019,4.0,1.0,0.0,0.0,0.0,0.0,0.0,5.0
72021,4.0,1.0,0.0,0.0,0.0,0.0,0.0,5.0
72023,4.0,1.0,0.0,0.0,0.0,0.0,0.0,5.0
72025,4.0,1.0,0.0,0.0,0.0,0.0,0.0,5.0
72027,4.0,1.0,0.0,0.0,0.0,0.0,0.0,5.0
72029,4.0,1.0,0.0,0.0,0.0,0.0,0.0,5.0
72031,4.0,1.0,0.0,0.0,0.0,0.0,0.0,5.0
72033,4.0,1.0,1.0,0.0,0.0,0.0,0.0,6.0
72035,4.0,1.0,0.0,0.0,0.0,0.0,0.0,5.0
72037,4.0,1.0,0.0,0.0,0.0,0.0,0.0,5.0
72039,4.0,1.0,0.0,0.0,0.0,0.0,0.0,5.0
72041,4.0,1.0,0.0,0.0,0.0,0.0,0.0,5.0
72043,4.0,1.0,0.0,0.0,0.0,0.0,0.0,5.0
72045,4.0,1.0,0.0,0.0,0.0,0.0,0.0,5.0
72047,4.0,1.0,0.0,0.0,0.0,0.0,0.0,5.0
72049,4.0,1.0,0.0,0.0,0.0,0.0,0.0,5.0
72051,4.0,1.0,1.0,0.0,0.0,0.0,0.0,6.0
72053,4.0,1.0,0.0,0.0,0.0,0.0,0.0,5.0
72054,4.0,1.0,0.0,0.0,0.0,0.0,0.0,5.0
72055,4.0,1.0,0.0,0.0,0.0,0.0,0.0,5.0
72057,4.0,1.0,0.0,0.0,0.0,0.0,0.0,5.0
72059,4.0,1.0,0.0,0.0,0.0,0.0,0.0,5.0
72061,4.0,1.0,0.0,0.0,0.0,0.0,0.0,5.0
72063,4.0,1.0,0.0,0.0,0.0,0.0,0.0,5.0
72065,4.0,1.0,0.0,0.0,0.0,0.0,0.0,5.0
72067,5.0,1.0,0.0,0.0,0.0,0.0,0.0,6.0
72069,4.0,1.0,0.0,0.0,0.0,0.0,0.0,5.0
72071,4.0,1.0,0.0,0.0,0.0,0.0,0.0,5.0
72073,4.0,1.0,0.0,0.0,0.0,0.0,0.0,5.0
72075,4.0,1.0,0.0,0.0,0.0,0.0,0.0,5.0
72077,4.0,1.0,0.0,0.0,0.0,0.0,0.0,5.0
72079,4.0,1.0,0.0,0.0,0.0,0.0,0.0,5.0
72081,4.0,1.0,0.0,0.0,0.0,0.0,0.0,5.0
72083,4.0,1.0,0.0,0.0,0.0,0.0,0.0,5.0
72085,4.0,1.0,0.0,0.0,0.0,0.0,0.0,5.0
72087,4.0,1.0,0.0,0.0,0.0,0.0,0.0,5.0
72089,4.0,1.0,0.0,0.0,0.0,0.0,0.0,5.0
72091,4.0,1.0,0.0,0.0,0.0,0.0,0.0,5.0
72093,4.0,1.0,0.0,0.0,0.0,0.0,0.0,5.0
72095,4.0,1.0,0.0,0.0,0.0,0.0,0.0,5.0
72097,5.0,1.0,0.0,0.0,0.0,0.0,0.0,6.0
72099,4.0,1.0,0.0,0.0,0.0,0.0,0.0,5.0
72101,4.0,1.0,0.0,0.0,0.0,0.0,0.0,5.0
72103,4.0,1.0,0.0,0.0,0.0,0.0,0.0,5.0
72105,4.0,1.0,0.0,0.0,0.0,0.0,0.0,5.0
72107,4.0,1.0,0.0,0.0,0.0,0.0,0.0,5.0
72109,4.0,1.0,0.0,0.0,0.0,0.0,0.0,5.0
72111,4.0,1.0,0.0,0.0,0.0,0.0,0.0,5.0
72113,4.0,1.0,0.0,0.0,0.0,0.0,0.0,5.0
72115,4.0,1.0,0.0,0.0,0.0,0.0,0.0,5.0
72117,5.0,1.0,0.0,0.0,0.0,0.0,0.0,6.0
72119,4.0,1.0,0.0,0.0,0.0,0.0,0.0,5.0
72121,4.0,1.0,0.0,0.0,0.0,0.0,0.0,5.0
72123,4.0,1.0,0.0,0.0,0.0,0.0,0.0,5.0
72125,4.0,1.0,0.0,0.0,0.0,0.0,0.0,5.0
72127,4.0,1.0,0.0,0.0,0.0,0.0,0.0,5.0
72129,4.0,1.0,0.0,0.0,0.0,0.0,0.0,5.0
72131,4.0,1.0,0.0,0.0,0.0,0.0,0.0,5.0
72133,4.0,1.0,0.0,0.0,0.0,0.0,0.0,5.0
72135,4.0,1.0,0.0,0.0,0.0,0.0,0.0,5.0
72137,4.0,1.0,1.0,0.0,0.0,0.0,0.0,6.0
72139,4.0,1.0,0.0,0.0,0.0,0.0,0.0,5.0
72141,4.0,1.0,0.0,0.0,0.0,0.0,0.0,5.0
72143,4.0,1.0,1.0,0.0,0.0,0.0,0.0,6.0
72145,4.0,1.0,1.0,0.0,0.0,0.0,0.0,6.0
72147,4.0,1.0,0.0,0.0,0.0,0.0,0.0,5.0
72149,4.0,1.0,0.0,0.0,0.0,0.0,0.0,5.0
72151,4.0,1.0,0.0,0.0,0.0,0.0,0.0,5.0
72153,4.0,1.0,0.0,0.0,0.0,0.0,0.0,5.0
78010,2.0,0.0,0.0,0.0,0.0,0.0,0.0,2.0
78020,2.0,0.0,0.0,0.0,0.0,0.0,0.0,2.0
78030,2.0,0.0,0.0,0.0,0.0,0.0,0.0,2.0
02016,0.0,1.0,0.0,0.0,0.0,0.0,0.0,1.0
02050,0.0,2.0,2.0,0.0,0.0,0.0,0.0,4.0
02068,0.0,1.0,0.0,1.0,0.0,0.0,0.0,2.0
02090,0.0,1.0,0.0,1.0,0.0,0.0,0.0,2.0
02122,0.0,1.0,0.0,0.0,1.0,0.0,0.0,2.0
02170,0.0,1.0,1.0,2.0,0.0,0.0,0.0,4.0
02180,0.0,1.0,0.0,0.0,0.0,0.0,0.0,1.0
02270,0.0,1.0,0.0,0.0,0.0,0.0,0.0,1.0
02290,0.0,1.0,0.0,1.0,0.0,0.0,0.0,2.0
06005,0.0,1.0,0.0,1.0,0.0,0.0,0.0,2.0
06007,0.0,1.0,0.0,5.0,0.0,0.0,0.0,6.0
06009,0.0,1.0,0.0,0.0,0.0,0.0,0.0,1.0
06011,0.0,2.0,0.0,0.0,0.0,0.0,0.0,2.0
06015,0.0,1.0,0.0,1.0,0.0,0.0,0.0,2.0
06017,0.0,1.0,0.0,4.0,0.0,0.0,0.0,5.0
06021,0.0,1.0,0.0,0.0,0.0,0.0,0.0,1.0
06023,0.0,1.0,0.0,0.0,0.0,0.0,0.0,1.0
06033,0.0,1.0,0.0,6.0,0.0,0.0,0.0,7.0
06041,0.0,2.0,0.0,0.0,0.0,0.0,0.0,2.0
06043,0.0,2.0,0.0,1.0,0.0,0.0,0.0,3.0
06045,0.0,2.0,0.0,3.0,0.0,0.0,0.0,5.0
06049,0.0,1.0,0.0,0.0,0.0,0.0,0.0,1.0
06053,0.0,1.0,0.0,3.0,0.0,0.0,0.0,4.0
06055,0.0,2.0,0.0,4.0,0.0,0.0,0.0,6.0
06065,0.0,1.0,0.0,7.0,0.0,0.0,0.0,8.0
06083,0.0,1.0,0.0,4.0,0.0,0.0,0.0,5.0
06089,0.0,1.0,0.0,7.0,0.0,0.0,0.0,8.0
06097,0.0,1.0,0.0,5.0,0.0,0.0,0.0,6.0
06103,0.0,1.0,0.0,1.0,0.0,0.0,0.0,2.0
06105,0.0,2.0,0.0,4.0,0.0,0.0,0.0,6.0
06109,0.0,1.0,0.0,1.0,0.0,0.0,0.0,2.0
06113,0.0,1.0,0.0,2.0,0.0,0.0,0.0,3.0
13077,0.0,1.0,0.0,0.0,0.0,0.0,0.0,1.0
13129,0.0,1.0,0.0,0.0,0.0,0.0,0.0,1.0
16009,0.0,1.0,0.0,0.0,0.0,0.0,0.0,1.0
16017,0.0,1.0,0.0,0.0,0.0,0.0,0.0,1.0
16055,0.0,1.0,0.0,0.0,0.0,0.0,0.0,1.0
16079,0.0,1.0,0.0,0.0,0.0,0.0,0.0,1.0
19001,0.0,1.0,1.0,0.0,0.0,0.0,0.0,2.0
19007,0.0,1.0,1.0,0.0,0.0,0.0,0.0,2.0
19009,0.0,1.0,1.0,0.0,0.0,0.0,0.0,2.0
19011,0.0,1.0,0.0,0.0,0.0,0.0,0.0,1.0
19015,0.0,1.0,1.0,0.0,0.0,0.0,0.0,2.0
19019,0.0,1.0,1.0,0.0,0.0,0.0,0.0,2.0
19021,0.0,2.0,1.0,0.0,0.0,0.0,0.0,3.0
19025,0.0,1.0,1.0,0.0,0.0,0.0,0.0,2.0
19029,0.0,1.0,1.0,0.0,0.0,0.0,0.0,2.0
19031,0.0,1.0,0.0,0.0,0.0,0.0,0.0,1.0
19033,0.0,1.0,0.0,0.0,0.0,0.0,0.0,1.0
19035,0.0,2.0,1.0,0.0,0.0,0.0,0.0,3.0
19037,0.0,1.0,0.0,0.0,0.0,0.0,0.0,1.0
19041,0.0,1.0,1.0,0.0,0.0,0.0,0.0,2.0
19045,0.0,1.0,1.0,0.0,0.0,0.0,0.0,2.0
19049,0.0,2.0,1.0,0.0,0.0,0.0,0.0,3.0
19051,0.0,1.0,1.0,0.0,0.0,0.0,0.0,2.0
19055,0.0,1.0,0.0,0.0,0.0,0.0,0.0,1.0
19059,0.0,1.0,1.0,0.0,0.0,0.0,0.0,2.0
19063,0.0,2.0,1.0,0.0,0.0,0.0,0.0,3.0
19067,0.0,2.0,1.0,0.0,0.0,0.0,0.0,3.0
19069,0.0,1.0,1.0,0.0,0.0,0.0,0.0,2.0
19073,0.0,2.0,1.0,0.0,0.0,0.0,0.0,3.0
19075,0.0,1.0,0.0,0.0,0.0,0.0,0.0,1.0
19077,0.0,2.0,1.0,0.0,0.0,0.0,0.0,3.0
19079,0.0,2.0,1.0,0.0,0.0,0.0,0.0,3.0
19081,0.0,2.0,1.0,0.0,0.0,0.0,0.0,3.0
19083,0.0,1.0,1.0,0.0,0.0,0.0,0.0,2.0
19089,0.0,2.0,1.0,0.0,0.0,0.0,0.0,3.0
19091,0.0,2.0,1.0,0.0,0.0,0.0,0.0,3.0
19095,0.0,1.0,1.0,0.0,0.0,0.0,0.0,2.0
19097,0.0,1.0,1.0,0.0,0.0,0.0,0.0,2.0
19099,0.0,1.0,1.0,0.0,0.0,0.0,0.0,2.0
19103,0.0,1.0,0.0,0.0,0.0,0.0,0.0,1.0
19105,0.0,1.0,1.0,0.0,0.0,0.0,0.0,2.0
19109,0.0,1.0,1.0,0.0,0.0,0.0,0.0,2.0
19111,0.0,1.0,1.0,0.0,0.0,0.0,0.0,2.0
19113,0.0,1.0,0.0,0.0,0.0,0.0,0.0,1.0
19119,0.0,1.0,1.0,0.0,0.0,0.0,0.0,2.0
19125,0.0,1.0,0.0,0.0,0.0,0.0,0.0,1.0
19127,0.0,2.0,1.0,0.0,0.0,0.0,0.0,3.0
19129,0.0,1.0,1.0,0.0,0.0,0.0,0.0,2.0
19131,0.0,1.0,1.0,0.0,0.0,0.0,0.0,2.0
19139,0.0,1.0,1.0,0.0,0.0,0.0,0.0,2.0
19141,0.0,1.0,1.0,0.0,0.0,0.0,0.0,2.0
19143,0.0,1.0,1.0,0.0,0.0,0.0,0.0,2.0
19147,0.0,2.0,1.0,0.0,0.0,0.0,0.0,3.0
19151,0.0,2.0,1.0,0.0,0.0,0.0,0.0,3.0
19153,0.0,2.0,1.0,0.0,0.0,0.0,0.0,3.0
19157,0.0,1.0,0.0,0.0,0.0,0.0,0.0,1.0
19161,0.0,1.0,1.0,0.0,0.0,0.0,0.0,2.0
19163,0.0,1.0,1.0,0.0,0.0,0.0,0.0,2.0
19167,0.0,1.0,1.0,0.0,0.0,0.0,0.0,2.0
19169,0.0,2.0,0.0,0.0,0.0,0.0,0.0,2.0
19171,0.0,1.0,1.0,0.0,0.0,0.0,0.0,2.0
19177,0.0,2.0,0.0,0.0,0.0,0.0,0.0,2.0
19181,0.0,1.0,0.0,0.0,0.0,0.0,0.0,1.0
19183,0.0,1.0,0.0,0.0,0.0,0.0,0.0,1.0
19187,0.0,2.0,1.0,0.0,0.0,0.0,0.0,3.0
19189,0.0,1.0,1.0,0.0,0.0,0.0,0.0,2.0
19191,0.0,1.0,1.0,0.0,0.0,0.0,0.0,2.0
19193,0.0,1.0,1.0,0.0,0.0,0.0,0.0,2.0
19195,0.0,1.0,1.0,0.0,0.0,0.0,0.0,2.0
19197,0.0,2.0,1.0,0.0,0.0,0.0,0.0,3.0
20001,0.0,2.0,0.0,0.0,0.0,0.0,0.0,2.0
20003,0.0,3.0,0.0,0.0,0.0,0.0,0.0,3.0
20005,0.0,1.0,0.0,0.0,0.0,0.0,0.0,1.0
20007,0.0,3.0,0.0,0.0,0.0,0.0,0.0,3.0
20009,0.0,3.0,0.0,0.0,0.0,0.0,0.0,3.0
20011,0.0,1.0,0.0,0.0,0.0,0.0,0.0,1.0
20013,0.0,2.0,0.0,0.0,0.0,0.0,0.0,2.0
20015,0.0,2.0,0.0,0.0,0.0,0.0,0.0,2.0
20017,0.0,1.0,0.0,0.0,0.0,0.0,0.0,1.0
20019,0.0,2.0,0.0,0.0,0.0,0.0,0.0,2.0
20021,0.0,2.0,0.0,0.0,0.0,0.0,0.0,2.0
20025,0.0,1.0,0.0,0.0,0.0,0.0,0.0,1.0
20027,0.0,3.0,0.0,0.0,0.0,0.0,0.0,3.0
20029,0.0,2.0,0.0,0.0,0.0,0.0,0.0,2.0
20031,0.0,2.0,0.0,0.0,0.0,0.0,0.0,2.0
20033,0.0,1.0,0.0,0.0,0.0,0.0,0.0,1.0
20035,0.0,3.0,0.0,0.0,0.0,0.0,0.0,3.0
20037,0.0,2.0,0.0,0.0,0.0,0.0,0.0,2.0
20041,0.0,2.0,0.0,0.0,0.0,0.0,0.0,2.0
20043,0.0,4.0,0.0,0.0,0.0,0.0,0.0,4.0
20045,0.0,2.0,0.0,0.0,0.0,0.0,0.0,2.0
20047,0.0,2.0,0.0,0.0,0.0,0.0,0.0,2.0
20049,0.0,2.0,0.0,0.0,0.0,0.0,0.0,2.0
20051,0.0,1.0,0.0,0.0,0.0,0.0,0.0,1.0
20053,0.0,2.0,0.0,0.0,0.0,0.0,0.0,2.0
20057,0.0,2.0,0.0,0.0,0.0,0.0,0.0,2.0
20059,0.0,2.0,0.0,0.0,0.0,0.0,0.0,2.0
20061,0.0,3.0,0.0,0.0,0.0,0.0,0.0,3.0
20063,0.0,1.0,0.0,0.0,0.0,0.0,0.0,1.0
20065,0.0,1.0,0.0,0.0,0.0,0.0,0.0,1.0
20067,0.0,1.0,0.0,0.0,0.0,0.0,0.0,1.0
20069,0.0,2.0,0.0,0.0,0.0,0.0,0.0,2.0
20071,0.0,1.0,0.0,0.0,0.0,0.0,0.0,1.0
20073,0.0,3.0,0.0,0.0,0.0,0.0,0.0,3.0
20075,0.0,1.0,0.0,0.0,0.0,0.0,0.0,1.0
20077,0.0,1.0,0.0,0.0,0.0,0.0,0.0,1.0
20079,0.0,3.0,0.0,1.0,0.0,0.0,0.0,4.0
20081,0.0,1.0,0.0,0.0,0.0,0.0,0.0,1.0
20083,0.0,2.0,0.0,0.0,0.0,0.0,0.0,2.0
20087,0.0,2.0,0.0,0.0,0.0,0.0,0.0,2.0
20089,0.0,1.0,0.0,0.0,0.0,0.0,0.0,1.0
20093,0.0,1.0,0.0,0.0,0.0,0.0,0.0,1.0
20095,0.0,3.0,0.0,0.0,0.0,0.0,0.0,3.0
20097,0.0,1.0,0.0,0.0,0.0,0.0,0.0,1.0
20101,0.0,1.0,0.0,0.0,0.0,0.0,0.0,1.0
20103,0.0,2.0,0.0,0.0,0.0,0.0,0.0,2.0
20105,0.0,2.0,0.0,0.0,0.0,0.0,0.0,2.0
20107,0.0,2.0,0.0,0.0,0.0,0.0,0.0,2.0
20109,0.0,1.0,0.0,0.0,0.0,0.0,0.0,1.0
20111,0.0,2.0,0.0,0.0,0.0,0.0,0.0,2.0
20113,0.0,1.0,0.0,0.0,0.0,0.0,0.0,1.0
20115,0.0,1.0,0.0,0.0,0.0,0.0,0.0,1.0
20117,0.0,4.0,0.0,0.0,0.0,0.0,0.0,4.0
20119,0.0,2.0,0.0,0.0,0.0,0.0,0.0,2.0
20121,0.0,1.0,0.0,0.0,0.0,0.0,0.0,1.0
20123,0.0,1.0,0.0,0.0,0.0,0.0,0.0,1.0
20125,0.0,2.0,0.0,0.0,0.0,0.0,0.0,2.0
20127,0.0,3.0,0.0,0.0,0.0,0.0,0.0,3.0
20129,0.0,1.0,0.0,0.0,0.0,0.0,0.0,1.0
20131,0.0,2.0,0.0,0.0,0.0,0.0,0.0,2.0
20133,0.0,3.0,0.0,0.0,0.0,0.0,0.0,3.0
20135,0.0,2.0,0.0,0.0,0.0,0.0,0.0,2.0
20137,0.0,1.0,0.0,0.0,0.0,0.0,0.0,1.0
20139,0.0,2.0,0.0,0.0,0.0,0.0,0.0,2.0
20141,0.0,2.0,0.0,0.0,0.0,0.0,0.0,2.0
20143,0.0,3.0,0.0,0.0,0.0,0.0,0.0,3.0
20145,0.0,2.0,0.0,0.0,0.0,0.0,0.0,2.0
20147,0.0,2.0,0.0,0.0,0.0,0.0,0.0,2.0
20149,0.0,2.0,0.0,0.0,0.0,0.0,0.0,2.0
20151,0.0,3.0,0.0,0.0,0.0,0.0,0.0,3.0
20155,0.0,3.0,0.0,1.0,0.0,0.0,0.0,4.0
20157,0.0,1.0,0.0,0.0,0.0,0.0,0.0,1.0
20159,0.0,4.0,0.0,0.0,0.0,0.0,0.0,4.0
20161,0.0,4.0,0.0,0.0,0.0,0.0,0.0,4.0
20163,0.0,1.0,0.0,0.0,0.0,0.0,0.0,1.0
20165,0.0,2.0,0.0,0.0,0.0,0.0,0.0,2.0
20167,0.0,2.0,0.0,0.0,0.0,0.0,0.0,2.0
20169,0.0,3.0,0.0,0.0,0.0,0.0,0.0,3.0
20171,0.0,1.0,0.0,0.0,0.0,0.0,0.0,1.0
20179,0.0,1.0,0.0,0.0,0.0,0.0,0.0,1.0
20183,0.0,2.0,0.0,0.0,0.0,0.0,0.0,2.0
20185,0.0,2.0,0.0,0.0,0.0,0.0,0.0,2.0
20187,0.0,1.0,0.0,0.0,0.0,0.0,0.0,1.0
20189,0.0,1.0,0.0,0.0,0.0,0.0,0.0,1.0
20191,0.0,4.0,0.0,0.0,0.0,0.0,0.0,4.0
20195,0.0,1.0,0.0,0.0,0.0,0.0,0.0,1.0
20197,0.0,3.0,0.0,0.0,0.0,0.0,0.0,3.0
20199,0.0,2.0,0.0,0.0,0.0,0.0,0.0,2.0
20201,0.0,2.0,0.0,0.0,0.0,0.0,0.0,2.0
20203,0.0,1.0,0.0,0.0,0.0,0.0,0.0,1.0
20205,0.0,2.0,0.0,0.0,0.0,0.0,0.0,2.0
20207,0.0,2.0,0.0,0.0,0.0,0.0,0.0,2.0
20209,0.0,2.0,0.0,0.0,0.0,0.0,0.0,2.0
21001,0.0,1.0,0.0,0.0,0.0,0.0,0.0,1.0
21007,0.0,1.0,1.0,0.0,0.0,0.0,0.0,2.0
21013,0.0,2.0,2.0,0.0,0.0,0.0,0.0,4.0
21019,0.0,3.0,2.0,0.0,0.0,0.0,0.0,5.0
21025,0.0,2.0,3.0,0.0,0.0,0.0,0.0,5.0
21031,0.0,2.0,1.0,0.0,0.0,0.0,0.0,3.0
21037,0.0,1.0,1.0,0.0,0.0,0.0,0.0,2.0
21039,0.0,1.0,1.0,0.0,0.0,0.0,0.0,2.0
21041,0.0,1.0,1.0,0.0,0.0,0.0,0.0,2.0
21043,0.0,2.0,2.0,0.0,0.0,0.0,0.0,4.0
21045,0.0,1.0,2.0,0.0,0.0,0.0,0.0,3.0
21047,0.0,1.0,0.0,0.0,0.0,0.0,1.0,2.0
21051,0.0,3.0,3.0,0.0,0.0,0.0,0.0,6.0
21055,0.0,1.0,1.0,0.0,0.0,0.0,0.0,2.0
21057,0.0,1.0,2.0,0.0,0.0,0.0,0.0,3.0
21061,0.0,1.0,1.0,0.0,0.0,0.0,0.0,2.0
21063,0.0,1.0,1.0,0.0,0.0,0.0,0.0,2.0
21065,0.0,1.0,2.0,0.0,0.0,0.0,0.0,3.0
21071,0.0,2.0,3.0,0.0,0.0,0.0,0.0,5.0
21075,0.0,1.0,1.0,0.0,0.0,0.0,2.0,4.0
21081,0.0,1.0,1.0,0.0,0.0,0.0,0.0,2.0
21087,0.0,1.0,0.0,0.0,0.0,0.0,0.0,1.0
21089,0.0,1.0,2.0,0.0,0.0,0.0,0.0,3.0
21091,0.0,1.0,1.0,0.0,0.0,0.0,0.0,2.0
21095,0.0,2.0,3.0,0.0,0.0,0.0,0.0,5.0
21101,0.0,2.0,1.0,0.0,0.0,0.0,0.0,3.0
21103,0.0,1.0,1.0,0.0,0.0,0.0,0.0,2.0
21105,0.0,2.0,1.0,0.0,0.0,0.0,2.0,5.0
21109,0.0,1.0,1.0,0.0,0.0,0.0,0.0,2.0
21115,0.0,3.0,3.0,0.0,0.0,0.0,0.0,6.0
21119,0.0,3.0,3.0,0.0,0.0,0.0,0.0,6.0
21121,0.0,2.0,2.0,0.0,0.0,0.0,0.0,4.0
21125,0.0,1.0,1.0,0.0,0.0,0.0,0.0,2.0
21127,0.0,3.0,3.0,0.0,0.0,0.0,0.0,6.0
21129,0.0,1.0,3.0,0.0,0.0,0.0,0.0,4.0
21131,0.0,2.0,3.0,0.0,0.0,0.0,0.0,5.0
21133,0.0,2.0,3.0,0.0,0.0,0.0,0.0,5.0
21135,0.0,1.0,0.0,0.0,0.0,0.0,0.0,1.0
21139,0.0,1.0,1.0,0.0,0.0,0.0,0.0,2.0
21145,0.0,2.0,1.0,0.0,0.0,0.0,0.0,3.0
21147,0.0,2.0,0.0,0.0,0.0,0.0,0.0,2.0
21151,0.0,1.0,1.0,0.0,0.0,0.0,0.0,2.0
21153,0.0,2.0,3.0,0.0,0.0,0.0,0.0,5.0
21155,0.0,1.0,1.0,0.0,0.0,0.0,1.0,3.0
21157,0.0,1.0,0.0,0.0,0.0,0.0,2.0,3.0
21159,0.0,1.0,3.0,0.0,0.0,0.0,0.0,4.0
21165,0.0,1.0,1.0,0.0,0.0,0.0,0.0,2.0
21169,0.0,2.0,2.0,0.0,0.0,0.0,0.0,4.0
21171,0.0,1.0,0.0,0.0,0.0,0.0,0.0,1.0
21175,0.0,2.0,1.0,0.0,0.0,0.0,0.0,3.0
21181,0.0,1.0,0.0,0.0,0.0,0.0,0.0,1.0
21187,0.0,1.0,1.0,0.0,0.0,0.0,0.0,2.0
21189,0.0,3.0,3.0,0.0,0.0,0.0,0.0,6.0
21191,0.0,1.0,1.0,0.0,0.0,0.0,0.0,2.0
21193,0.0,2.0,3.0,0.0,0.0,0.0,0.0,5.0
21195,0.0,3.0,3.0,0.0,0.0,0.0,0.0,6.0
21197,0.0,2.0,3.0,0.0,0.0,0.0,0.0,5.0
21203,0.0,1.0,1.0,0.0,0.0,0.0,0.0,2.0
21207,0.0,1.0,0.0,0.0,0.0,0.0,0.0,1.0
21217,0.0,1.0,0.0,0.0,0.0,0.0,1.0,2.0
21221,0.0,1.0,1.0,0.0,0.0,0.0,0.0,2.0
21225,0.0,2.0,2.0,0.0,0.0,0.0,0.0,4.0
21229,0.0,1.0,1.0,0.0,0.0,0.0,0.0,2.0
21231,0.0,1.0,0.0,0.0,0.0,0.0,0.0,1.0
21233,0.0,1.0,1.0,0.0,0.0,0.0,0.0,2.0
21235,0.0,2.0,3.0,0.0,0.0,0.0,0.0,5.0
21237,0.0,1.0,3.0,0.0,0.0,0.0,0.0,4.0
23005,0.0,1.0,0.0,0.0,0.0,0.0,0.0,1.0
23007,0.0,1.0,0.0,0.0,0.0,0.0,0.0,1.0
23009,0.0,1.0,0.0,0.0,0.0,0.0,0.0,1.0
23011,0.0,1.0,0.0,0.0,0.0,0.0,0.0,1.0
23013,0.0,1.0,0.0,0.0,1.0,0.0,0.0,2.0
23015,0.0,1.0,0.0,0.0,0.0,0.0,0.0,1.0
23017,0.0,1.0,0.0,0.0,0.0,0.0,0.0,1.0
23019,0.0,1.0,0.0,0.0,0.0,0.0,0.0,1.0
23021,0.0,1.0,0.0,0.0,0.0,0.0,0.0,1.0
23023,0.0,1.0,0.0,0.0,0.0,0.0,0.0,1.0
23025,0.0,1.0,0.0,0.0,0.0,0.0,0.0,1.0
23027,0.0,1.0,0.0,0.0,1.0,0.0,0.0,2.0
23031,0.0,1.0,0.0,0.0,2.0,0.0,0.0,3.0
24021,0.0,1.0,0.0,0.0,0.0,0.0,0.0,1.0
24043,0.0,1.0,0.0,0.0,0.0,0.0,0.0,1.0
25005,0.0,1.0,0.0,0.0,0.0,0.0,0.0,1.0
25009,0.0,1.0,0.0,0.0,0.0,0.0,0.0,1.0
25019,0.0,1.0,0.0,0.0,0.0,0.0,0.0,1.0
25021,0.0,1.0,0.0,0.0,0.0,0.0,0.0,1.0
25023,0.0,1.0,0.0,0.0,0.0,0.0,0.0,1.0
26067,0.0,1.0,0.0,0.0,0.0,0.0,0.0,1.0
26099,0.0,1.0,0.0,0.0,0.0,0.0,0.0,1.0
26125,0.0,1.0,0.0,0.0,0.0,0.0,0.0,1.0
26161,0.0,1.0,0.0,0.0,0.0,0.0,0.0,1.0
26163,0.0,1.0,0.0,0.0,0.0,0.0,0.0,1.0
27001,0.0,2.0,1.0,0.0,0.0,0.0,0.0,3.0
27011,0.0,2.0,1.0,0.0,0.0,0.0,0.0,3.0
27021,0.0,2.0,1.0,0.0,0.0,0.0,0.0,3.0
27023,0.0,2.0,1.0,0.0,0.0,0.0,0.0,3.0
27033,0.0,1.0,2.0,0.0,0.0,0.0,0.0,3.0
27035,0.0,1.0,0.0,0.0,0.0,0.0,0.0,1.0
27041,0.0,2.0,0.0,0.0,0.0,0.0,0.0,2.0
27051,0.0,2.0,1.0,0.0,0.0,0.0,0.0,3.0
27061,0.0,1.0,1.0,0.0,0.0,0.0,0.0,2.0
27065,0.0,1.0,1.0,0.0,0.0,0.0,0.0,2.0
27067,0.0,2.0,0.0,0.0,0.0,0.0,0.0,2.0
27073,0.0,2.0,1.0,0.0,0.0,0.0,0.0,3.0
27081,0.0,1.0,1.0,0.0,0.0,0.0,0.0,2.0
27083,0.0,1.0,2.0,0.0,0.0,0.0,0.0,3.0
27097,0.0,1.0,0.0,0.0,0.0,0.0,0.0,1.0
27105,0.0,2.0,2.0,0.0,0.0,0.0,0.0,4.0
27115,0.0,1.0,1.0,0.0,0.0,0.0,0.0,2.0
27121,0.0,2.0,0.0,0.0,0.0,0.0,0.0,2.0
27127,0.0,1.0,2.0,0.0,0.0,0.0,0.0,3.0
27129,0.0,2.0,2.0,0.0,0.0,0.0,0.0,4.0
27133,0.0,1.0,2.0,0.0,0.0,0.0,0.0,3.0
27145,0.0,1.0,0.0,0.0,0.0,0.0,0.0,1.0
27149,0.0,2.0,1.0,0.0,0.0,0.0,0.0,3.0
27151,0.0,2.0,1.0,0.0,0.0,0.0,0.0,3.0
27153,0.0,2.0,0.0,0.0,0.0,0.0,0.0,2.0
27155,0.0,2.0,1.0,0.0,0.0,0.0,0.0,3.0
27159,0.0,2.0,0.0,0.0,0.0,0.0,0.0,2.0
27167,0.0,1.0,1.0,0.0,0.0,0.0,0.0,2.0
27173,0.0,2.0,1.0,0.0,0.0,0.0,0.0,3.0
29001,0.0,1.0,0.0,0.0,0.0,0.0,0.0,1.0
29003,0.0,2.0,1.0,0.0,0.0,0.0,0.0,3.0
29005,0.0,1.0,1.0,0.0,0.0,0.0,0.0,2.0
29007,0.0,1.0,0.0,0.0,0.0,0.0,0.0,1.0
29009,0.0,1.0,0.0,0.0,0.0,0.0,0.0,1.0
29011,0.0,1.0,0.0,0.0,0.0,0.0,0.0,1.0
29013,0.0,2.0,0.0,0.0,0.0,0.0,0.0,2.0
29015,0.0,1.0,0.0,0.0,0.0,0.0,0.0,1.0
29017,0.0,2.0,0.0,0.0,0.0,0.0,0.0,2.0
29019,0.0,2.0,0.0,0.0,0.0,0.0,0.0,2.0
29021,0.0,2.0,1.0,0.0,0.0,0.0,0.0,3.0
29023,0.0,1.0,0.0,0.0,0.0,0.0,0.0,1.0
29025,0.0,2.0,0.0,0.0,0.0,0.0,0.0,2.0
29027,0.0,2.0,0.0,0.0,0.0,0.0,0.0,2.0
29029,0.0,1.0,0.0,0.0,0.0,0.0,0.0,1.0
29031,0.0,1.0,1.0,0.0,0.0,0.0,0.0,2.0
29033,0.0,2.0,1.0,0.0,0.0,0.0,0.0,3.0
29035,0.0,1.0,0.0,0.0,0.0,0.0,0.0,1.0
29039,0.0,1.0,0.0,0.0,0.0,0.0,0.0,1.0
29041,0.0,2.0,1.0,0.0,0.0,0.0,0.0,3.0
29045,0.0,1.0,0.0,0.0,0.0,0.0,0.0,1.0
29047,0.0,1.0,0.0,0.0,0.0,0.0,0.0,1.0
29049,0.0,1.0,0.0,0.0,0.0,0.0,0.0,1.0
29051,0.0,1.0,0.0,0.0,0.0,0.0,0.0,1.0
29053,0.0,2.0,0.0,0.0,0.0,0.0,0.0,2.0
29057,0.0,1.0,0.0,0.0,0.0,0.0,0.0,1.0
29059,0.0,2.0,0.0,0.0,0.0,0.0,0.0,2.0
29061,0.0,2.0,0.0,0.0,0.0,0.0,0.0,2.0
29067,0.0,2.0,0.0,0.0,0.0,0.0,0.0,2.0
29069,0.0,3.0,0.0,0.0,0.0,0.0,0.0,3.0
29073,0.0,1.0,0.0,0.0,0.0,0.0,0.0,1.0
29075,0.0,1.0,0.0,0.0,0.0,0.0,0.0,1.0
29077,0.0,1.0,0.0,0.0,0.0,0.0,0.0,1.0
29079,0.0,2.0,0.0,0.0,0.0,0.0,0.0,2.0
29081,0.0,1.0,0.0,0.0,0.0,0.0,0.0,1.0
29083,0.0,2.0,0.0,0.0,0.0,0.0,0.0,2.0
29085,0.0,2.0,0.0,0.0,0.0,0.0,0.0,2.0
29087,0.0,2.0,1.0,0.0,0.0,0.0,0.0,3.0
29089,0.0,2.0,0.0,0.0,0.0,0.0,0.0,2.0
29091,0.0,2.0,0.0,0.0,0.0,0.0,0.0,2.0
29093,0.0,1.0,0.0,0.0,0.0,0.0,0.0,1.0
29095,0.0,1.0,0.0,0.0,0.0,0.0,0.0,1.0
29097,0.0,1.0,0.0,0.0,0.0,0.0,0.0,1.0
29099,0.0,1.0,0.0,0.0,0.0,0.0,0.0,1.0
29103,0.0,1.0,0.0,0.0,0.0,0.0,0.0,1.0
29105,0.0,2.0,0.0,0.0,0.0,0.0,0.0,2.0
29107,0.0,1.0,0.0,0.0,0.0,0.0,0.0,1.0
29111,0.0,1.0,0.0,0.0,0.0,0.0,0.0,1.0
29113,0.0,2.0,0.0,0.0,0.0,0.0,0.0,2.0
29115,0.0,1.0,0.0,0.0,0.0,0.0,0.0,1.0
29117,0.0,2.0,0.0,0.0,0.0,0.0,0.0,2.0
29119,0.0,1.0,0.0,0.0,0.0,0.0,0.0,1.0
29121,0.0,1.0,0.0,0.0,0.0,0.0,0.0,1.0
29123,0.0,1.0,0.0,0.0,0.0,0.0,0.0,1.0
29125,0.0,1.0,0.0,0.0,0.0,0.0,0.0,1.0
29127,0.0,1.0,0.0,0.0,0.0,0.0,0.0,1.0
29129,0.0,1.0,0.0,0.0,0.0,0.0,0.0,1.0
29131,0.0,1.0,0.0,0.0,0.0,0.0,0.0,1.0
29133,0.0,1.0,1.0,0.0,0.0,0.0,0.0,2.0
29135,0.0,1.0,0.0,0.0,0.0,0.0,0.0,1.0
29137,0.0,1.0,0.0,0.0,0.0,0.0,0.0,1.0
29139,0.0,2.0,1.0,0.0,0.0,0.0,0.0,3.0
29143,0.0,2.0,1.0,0.0,0.0,0.0,0.0,3.0
29145,0.0,1.0,0.0,0.0,0.0,0.0,0.0,1.0
29147,0.0,1.0,0.0,0.0,0.0,0.0,0.0,1.0
29149,0.0,1.0,0.0,0.0,0.0,0.0,0.0,1.0
29151,0.0,1.0,0.0,0.0,0.0,0.0,0.0,1.0
29153,0.0,1.0,0.0,0.0,0.0,0.0,0.0,1.0
29155,0.0,3.0,1.0,0.0,0.0,0.0,0.0,4.0
29157,0.0,1.0,1.0,0.0,0.0,0.0,0.0,2.0
29163,0.0,1.0,1.0,0.0,0.0,0.0,0.0,2.0
29165,0.0,1.0,1.0,0.0,0.0,0.0,0.0,2.0
29167,0.0,1.0,0.0,0.0,0.0,0.0,0.0,1.0
29169,0.0,1.0,0.0,0.0,0.0,0.0,0.0,1.0
29171,0.0,1.0,0.0,0.0,0.0,0.0,0.0,1.0
29173,0.0,2.0,0.0,0.0,0.0,0.0,0.0,2.0
29175,0.0,1.0,0.0,0.0,0.0,0.0,0.0,1.0
29177,0.0,2.0,1.0,0.0,0.0,0.0,0.0,3.0
29179,0.0,1.0,0.0,0.0,0.0,0.0,0.0,1.0
29181,0.0,1.0,0.0,0.0,0.0,0.0,0.0,1.0
29183,0.0,1.0,1.0,0.0,0.0,0.0,0.0,2.0
29185,0.0,1.0,0.0,0.0,0.0,0.0,0.0,1.0
29186,0.0,1.0,1.0,0.0,0.0,0.0,0.0,2.0
29195,0.0,2.0,0.0,0.0,0.0,0.0,0.0,2.0
29197,0.0,1.0,0.0,0.0,0.0,0.0,0.0,1.0
29199,0.0,1.0,0.0,0.0,0.0,0.0,0.0,1.0
29201,0.0,1.0,1.0,0.0,0.0,0.0,0.0,2.0
29203,0.0,2.0,0.0,0.0,0.0,0.0,0.0,2.0
29205,0.0,1.0,0.0,0.0,0.0,0.0,0.0,1.0
29207,0.0,2.0,0.0,0.0,0.0,0.0,0.0,2.0
29211,0.0,1.0,0.0,0.0,0.0,0.0,0.0,1.0
29213,0.0,1.0,0.0,0.0,0.0,0.0,0.0,1.0
29215,0.0,1.0,0.0,0.0,0.0,0.0,0.0,1.0
29217,0.0,1.0,0.0,0.0,0.0,0.0,0.0,1.0
29223,0.0,3.0,0.0,0.0,0.0,0.0,0.0,3.0
29225,0.0,1.0,0.0,0.0,0.0,0.0,0.0,1.0
29229,0.0,2.0,0.0,0.0,0.0,0.0,0.0,2.0
29510,0.0,1.0,1.0,0.0,0.0,0.0,0.0,2.0
31001,0.0,1.0,1.0,0.0,0.0,0.0,0.0,2.0
31003,0.0,1.0,1.0,0.0,0.0,0.0,0.0,2.0
31011,0.0,1.0,1.0,0.0,0.0,0.0,0.0,2.0
31013,0.0,1.0,1.0,0.0,0.0,0.0,0.0,2.0
31015,0.0,1.0,1.0,0.0,0.0,0.0,0.0,2.0
31019,0.0,1.0,1.0,0.0,0.0,0.0,0.0,2.0
31021,0.0,2.0,1.0,0.0,0.0,0.0,0.0,3.0
31025,0.0,2.0,1.0,0.0,0.0,0.0,0.0,3.0
31027,0.0,2.0,1.0,0.0,0.0,0.0,0.0,3.0
31035,0.0,1.0,1.0,0.0,0.0,0.0,0.0,2.0
31037,0.0,1.0,1.0,0.0,0.0,0.0,0.0,2.0
31039,0.0,3.0,1.0,0.0,0.0,0.0,0.0,4.0
31041,0.0,1.0,1.0,0.0,0.0,0.0,0.0,2.0
31043,0.0,1.0,1.0,0.0,0.0,0.0,0.0,2.0
31051,0.0,2.0,1.0,0.0,0.0,0.0,0.0,3.0
31055,0.0,1.0,1.0,0.0,0.0,0.0,0.0,2.0
31059,0.0,2.0,1.0,0.0,0.0,0.0,0.0,3.0
31067,0.0,1.0,1.0,0.0,0.0,0.0,0.0,2.0
31071,0.0,1.0,1.0,0.0,0.0,0.0,0.0,2.0
31075,0.0,1.0,1.0,0.0,0.0,0.0,0.0,2.0
31077,0.0,1.0,1.0,0.0,0.0,0.0,0.0,2.0
31079,0.0,1.0,1.0,0.0,0.0,0.0,0.0,2.0
31081,0.0,2.0,0.0,0.0,0.0,0.0,0.0,2.0
31083,0.0,2.0,1.0,0.0,0.0,0.0,0.0,3.0
31089,0.0,1.0,1.0,0.0,0.0,0.0,0.0,2.0
31095,0.0,1.0,1.0,0.0,0.0,0.0,0.0,2.0
31097,0.0,1.0,1.0,0.0,0.0,0.0,0.0,2.0
31099,0.0,1.0,1.0,0.0,0.0,0.0,0.0,2.0
31107,0.0,1.0,1.0,0.0,0.0,0.0,0.0,2.0
31113,0.0,2.0,1.0,0.0,0.0,0.0,0.0,3.0
31119,0.0,1.0,1.0,0.0,0.0,0.0,0.0,2.0
31127,0.0,1.0,1.0,0.0,0.0,0.0,0.0,2.0
31129,0.0,1.0,1.0,0.0,0.0,0.0,0.0,2.0
31131,0.0,1.0,1.0,0.0,0.0,0.0,0.0,2.0
31133,0.0,1.0,1.0,0.0,0.0,0.0,0.0,2.0
31139,0.0,1.0,1.0,0.0,0.0,0.0,0.0,2.0
31141,0.0,1.0,1.0,0.0,0.0,0.0,0.0,2.0
31143,0.0,2.0,1.0,0.0,0.0,0.0,0.0,3.0
31147,0.0,1.0,1.0,0.0,0.0,0.0,0.0,2.0
31151,0.0,1.0,1.0,0.0,0.0,0.0,0.0,2.0
31153,0.0,2.0,1.0,0.0,0.0,0.0,0.0,3.0
31155,0.0,2.0,1.0,0.0,0.0,0.0,0.0,3.0
31161,0.0,1.0,1.0,0.0,0.0,0.0,0.0,2.0
31163,0.0,1.0,1.0,0.0,0.0,0.0,0.0,2.0
31169,0.0,1.0,1.0,0.0,0.0,0.0,0.0,2.0
31171,0.0,1.0,0.0,0.0,0.0,0.0,0.0,1.0
31173,0.0,2.0,1.0,0.0,0.0,0.0,0.0,3.0
31175,0.0,1.0,1.0,0.0,0.0,0.0,0.0,2.0
31177,0.0,2.0,1.0,0.0,0.0,0.0,0.0,3.0
31179,0.0,2.0,1.0,0.0,0.0,0.0,0.0,3.0
31181,0.0,1.0,1.0,0.0,0.0,0.0,0.0,2.0
31183,0.0,1.0,1.0,0.0,0.0,0.0,0.0,2.0
31185,0.0,2.0,1.0,0.0,0.0,0.0,0.0,3.0
33001,0.0,1.0,0.0,0.0,0.0,0.0,0.0,1.0
33003,0.0,1.0,0.0,0.0,0.0,0.0,0.0,1.0
33005,0.0,1.0,1.0,0.0,0.0,0.0,0.0,2.0
33007,0.0,1.0,0.0,0.0,0.0,0.0,0.0,1.0
33009,0.0,2.0,0.0,0.0,0.0,0.0,0.0,2.0
33013,0.0,1.0,0.0,0.0,0.0,0.0,0.0,1.0
33019,0.0,1.0,1.0,0.0,0.0,0.0,0.0,2.0
36013,0.0,1.0,0.0,0.0,0.0,0.0,0.0,1.0
36029,0.0,1.0,0.0,0.0,0.0,0.0,0.0,1.0
36031,0.0,1.0,0.0,0.0,0.0,0.0,0.0,1.0
36035,0.0,1.0,0.0,0.0,0.0,0.0,0.0,1.0
36041,0.0,1.0,0.0,0.0,0.0,0.0,0.0,1.0
36043,0.0,1.0,0.0,0.0,0.0,0.0,0.0,1.0
36045,0.0,1.0,0.0,0.0,0.0,0.0,0.0,1.0
36053,0.0,1.0,0.0,0.0,0.0,0.0,0.0,1.0
36075,0.0,1.0,0.0,0.0,0.0,0.0,0.0,1.0
36113,0.0,1.0,0.0,0.0,0.0,0.0,0.0,1.0
38001,0.0,1.0,1.0,0.0,0.0,0.0,0.0,2.0
38003,0.0,1.0,3.0,0.0,0.0,0.0,0.0,4.0
38005,0.0,1.0,0.0,0.0,0.0,0.0,0.0,1.0
38007,0.0,1.0,0.0,0.0,0.0,0.0,0.0,1.0
38009,0.0,1.0,0.0,0.0,0.0,0.0,0.0,1.0
38013,0.0,2.0,0.0,0.0,0.0,0.0,0.0,2.0
38019,0.0,1.0,0.0,0.0,0.0,0.0,0.0,1.0
38021,0.0,1.0,3.0,0.0,0.0,0.0,0.0,4.0
38023,0.0,2.0,0.0,0.0,0.0,0.0,0.0,2.0
38025,0.0,1.0,0.0,0.0,0.0,0.0,0.0,1.0
38029,0.0,1.0,2.0,0.0,0.0,0.0,0.0,3.0
38031,0.0,1.0,2.0,0.0,0.0,0.0,0.0,3.0
38033,0.0,1.0,0.0,0.0,0.0,0.0,0.0,1.0
38035,0.0,2.0,3.0,0.0,0.0,0.0,0.0,5.0
38037,0.0,2.0,1.0,0.0,0.0,0.0,0.0,3.0
38039,0.0,1.0,1.0,0.0,0.0,0.0,0.0,2.0
38041,0.0,1.0,1.0,0.0,0.0,0.0,0.0,2.0
38043,0.0,2.0,2.0,0.0,0.0,0.0,0.0,4.0
38045,0.0,2.0,3.0,0.0,0.0,0.0,0.0,5.0
38047,0.0,1.0,3.0,0.0,0.0,0.0,0.0,4.0
38049,0.0,1.0,0.0,0.0,0.0,0.0,0.0,1.0
38051,0.0,1.0,1.0,0.0,0.0,0.0,0.0,2.0
38053,0.0,3.0,1.0,0.0,0.0,0.0,0.0,4.0
38055,0.0,1.0,0.0,0.0,0.0,0.0,0.0,1.0
38061,0.0,2.0,1.0,0.0,0.0,0.0,0.0,3.0
38063,0.0,2.0,2.0,0.0,0.0,0.0,0.0,4.0
38065,0.0,1.0,0.0,0.0,0.0,0.0,0.0,1.0
38067,0.0,1.0,2.0,0.0,0.0,0.0,0.0,3.0
38071,0.0,1.0,0.0,0.0,0.0,0.0,0.0,1.0
38073,0.0,1.0,2.0,0.0,0.0,0.0,0.0,3.0
38075,0.0,1.0,0.0,0.0,0.0,0.0,0.0,1.0
38077,0.0,1.0,2.0,0.0,0.0,0.0,0.0,3.0
38079,0.0,1.0,0.0,0.0,0.0,0.0,0.0,1.0
38081,0.0,1.0,3.0,0.0,0.0,0.0,0.0,4.0
38085,0.0,1.0,0.0,0.0,0.0,0.0,0.0,1.0
38091,0.0,1.0,2.0,0.0,0.0,0.0,0.0,3.0
38093,0.0,1.0,2.0,0.0,0.0,0.0,0.0,3.0
38095,0.0,1.0,0.0,0.0,0.0,0.0,0.0,1.0
38097,0.0,1.0,3.0,0.0,0.0,0.0,0.0,4.0
38099,0.0,1.0,3.0,0.0,0.0,0.0,0.0,4.0
38101,0.0,1.0,0.0,0.0,0.0,0.0,0.0,1.0
38103,0.0,2.0,2.0,0.0,0.0,0.0,0.0,4.0
38105,0.0,2.0,0.0,0.0,0.0,0.0,0.0,2.0
40001,0.0,2.0,0.0,0.0,0.0,0.0,0.0,2.0
40003,0.0,2.0,0.0,0.0,0.0,0.0,0.0,2.0
40005,0.0,1.0,0.0,0.0,0.0,0.0,0.0,1.0
40007,0.0,1.0,0.0,1.0,0.0,0.0,0.0,2.0
40009,0.0,1.0,0.0,0.0,0.0,0.0,0.0,1.0
40011,0.0,1.0,0.0,0.0,0.0,0.0,0.0,1.0
40013,0.0,1.0,0.0,0.0,0.0,0.0,0.0,1.0
40015,0.0,1.0,0.0,0.0,0.0,0.0,0.0,1.0
40017,0.0,1.0,0.0,0.0,0.0,0.0,0.0,1.0
40021,0.0,2.0,0.0,0.0,0.0,0.0,0.0,2.0
40029,0.0,1.0,0.0,0.0,0.0,0.0,0.0,1.0
40035,0.0,2.0,0.0,0.0,0.0,0.0,0.0,2.0
40037,0.0,1.0,0.0,0.0,0.0,0.0,0.0,1.0
40039,0.0,1.0,0.0,1.0,0.0,0.0,0.0,2.0
40041,0.0,1.0,0.0,0.0,0.0,0.0,0.0,1.0
40043,0.0,1.0,0.0,2.0,0.0,0.0,0.0,3.0
40045,0.0,1.0,0.0,1.0,0.0,0.0,0.0,2.0
40047,0.0,1.0,0.0,0.0,0.0,0.0,0.0,1.0
40051,0.0,1.0,0.0,0.0,0.0,0.0,0.0,1.0
40053,0.0,1.0,0.0,0.0,0.0,0.0,0.0,1.0
40055,0.0,1.0,0.0,0.0,0.0,0.0,0.0,1.0
40059,0.0,1.0,0.0,0.0,0.0,0.0,0.0,1.0
40061,0.0,1.0,1.0,0.0,0.0,0.0,0.0,2.0
40065,0.0,1.0,0.0,0.0,0.0,0.0,0.0,1.0
40071,0.0,2.0,1.0,0.0,0.0,0.0,0.0,3.0
40073,0.0,1.0,0.0,0.0,0.0,0.0,0.0,1.0
40075,0.0,1.0,0.0,0.0,0.0,0.0,0.0,1.0
40079,0.0,1.0,1.0,0.0,0.0,0.0,0.0,2.0
40081,0.0,2.0,0.0,0.0,0.0,0.0,0.0,2.0
40083,0.0,1.0,0.0,0.0,0.0,0.0,0.0,1.0
40085,0.0,1.0,0.0,0.0,0.0,0.0,0.0,1.0
40093,0.0,1.0,0.0,0.0,0.0,0.0,0.0,1.0
40097,0.0,1.0,0.0,0.0,0.0,0.0,0.0,1.0
40101,0.0,2.0,1.0,0.0,0.0,0.0,0.0,3.0
40103,0.0,2.0,1.0,0.0,0.0,0.0,0.0,3.0
40105,0.0,2.0,0.0,0.0,0.0,0.0,0.0,2.0
40107,0.0,2.0,0.0,0.0,0.0,0.0,0.0,2.0
40111,0.0,3.0,0.0,0.0,0.0,0.0,0.0,3.0
40113,0.0,2.0,1.0,0.0,0.0,0.0,0.0,3.0
40115,0.0,2.0,0.0,0.0,0.0,0.0,0.0,2.0
40117,0.0,1.0,1.0,0.0,0.0,0.0,0.0,2.0
40119,0.0,1.0,0.0,0.0,0.0,0.0,0.0,1.0
40121,0.0,2.0,0.0,0.0,0.0,0.0,0.0,2.0
40125,0.0,2.0,0.0,1.0,0.0,0.0,0.0,3.0
40127,0.0,2.0,0.0,0.0,0.0,0.0,0.0,2.0
40129,0.0,1.0,0.0,1.0,0.0,0.0,0.0,2.0
40131,0.0,1.0,0.0,0.0,0.0,0.0,0.0,1.0
40133,0.0,1.0,0.0,0.0,0.0,0.0,0.0,1.0
40135,0.0,1.0,1.0,0.0,0.0,0.0,0.0,2.0
40137,0.0,1.0,0.0,0.0,0.0,0.0,0.0,1.0
40141,0.0,2.0,0.0,0.0,0.0,0.0,0.0,2.0
40143,0.0,2.0,1.0,0.0,0.0,0.0,0.0,3.0
40145,0.0,1.0,1.0,0.0,0.0,0.0,0.0,2.0
40147,0.0,1.0,0.0,0.0,0.0,0.0,0.0,1.0
40149,0.0,1.0,0.0,0.0,0.0,0.0,0.0,1.0
40151,0.0,1.0,0.0,0.0,0.0,0.0,0.0,1.0
40153,0.0,1.0,0.0,3.0,0.0,0.0,0.0,4.0
41003,0.0,1.0,0.0,1.0,0.0,0.0,0.0,2.0
41005,0.0,1.0,0.0,6.0,0.0,0.0,0.0,7.0
41011,0.0,1.0,0.0,1.0,0.0,0.0,0.0,2.0
41015,0.0,1.0,1.0,0.0,0.0,0.0,0.0,2.0
41019,0.0,1.0,1.0,4.0,0.0,0.0,0.0,6.0
41031,0.0,1.0,0.0,4.0,0.0,0.0,0.0,5.0
41039,0.0,1.0,0.0,3.0,0.0,0.0,0.0,4.0
41043,0.0,1.0,1.0,3.0,0.0,0.0,0.0,5.0
41047,0.0,1.0,0.0,3.0,0.0,0.0,0.0,4.0
41053,0.0,1.0,0.0,0.0,0.0,0.0,0.0,1.0
41071,0.0,1.0,0.0,2.0,0.0,0.0,0.0,3.0
42015,0.0,1.0,0.0,0.0,0.0,0.0,0.0,1.0
42037,0.0,1.0,0.0,0.0,0.0,0.0,0.0,1.0
42069,0.0,1.0,0.0,0.0,0.0,0.0,0.0,1.0
42081,0.0,1.0,0.0,0.0,0.0,0.0,0.0,1.0
42093,0.0,1.0,0.0,0.0,0.0,0.0,0.0,1.0
42113,0.0,1.0,0.0,0.0,0.0,0.0,0.0,1.0
42115,0.0,1.0,0.0,0.0,0.0,0.0,0.0,1.0
42117,0.0,1.0,0.0,0.0,0.0,0.0,0.0,1.0
42131,0.0,1.0,0.0,0.0,0.0,0.0,0.0,1.0
46003,0.0,2.0,2.0,0.0,0.0,0.0,0.0,4.0
46005,0.0,1.0,1.0,0.0,0.0,0.0,0.0,2.0
46009,0.0,1.0,1.0,0.0,0.0,0.0,0.0,2.0
46011,0.0,2.0,1.0,0.0,0.0,0.0,0.0,3.0
46015,0.0,1.0,2.0,0.0,0.0,0.0,0.0,3.0
46019,0.0,2.0,1.0,0.0,0.0,0.0,0.0,3.0
46023,0.0,1.0,1.0,0.0,0.0,0.0,0.0,2.0
46025,0.0,1.0,1.0,0.0,0.0,0.0,0.0,2.0
46027,0.0,1.0,1.0,0.0,0.0,0.0,0.0,2.0
46029,0.0,2.0,1.0,0.0,0.0,0.0,0.0,3.0
46035,0.0,1.0,1.0,0.0,0.0,0.0,0.0,2.0
46037,0.0,2.0,1.0,0.0,0.0,0.0,0.0,3.0
46039,0.0,1.0,2.0,0.0,0.0,0.0,0.0,3.0
46043,0.0,1.0,1.0,0.0,0.0,0.0,0.0,2.0
46051,0.0,1.0,1.0,0.0,0.0,0.0,0.0,2.0
46053,0.0,2.0,2.0,0.0,0.0,0.0,0.0,4.0
46055,0.0,1.0,1.0,0.0,0.0,0.0,0.0,2.0
46057,0.0,1.0,2.0,0.0,0.0,0.0,0.0,3.0
46061,0.0,2.0,2.0,0.0,0.0,0.0,0.0,4.0
46067,0.0,2.0,1.0,0.0,0.0,0.0,0.0,3.0
46071,0.0,1.0,2.0,0.0,0.0,0.0,0.0,3.0
46075,0.0,1.0,2.0,0.0,0.0,0.0,0.0,3.0
46077,0.0,3.0,1.0,0.0,0.0,0.0,0.0,4.0
46079,0.0,2.0,1.0,0.0,0.0,0.0,0.0,3.0
46081,0.0,1.0,0.0,0.0,0.0,0.0,0.0,1.0
46083,0.0,1.0,1.0,0.0,0.0,0.0,0.0,2.0
46087,0.0,2.0,1.0,0.0,0.0,0.0,0.0,3.0
46089,0.0,1.0,1.0,0.0,0.0,0.0,0.0,2.0
46093,0.0,1.0,1.0,0.0,0.0,0.0,0.0,2.0
46097,0.0,2.0,1.0,0.0,0.0,0.0,0.0,3.0
46099,0.0,2.0,1.0,0.0,0.0,0.0,0.0,3.0
46101,0.0,2.0,1.0,0.0,0.0,0.0,0.0,3.0
46109,0.0,1.0,1.0,0.0,0.0,0.0,0.0,2.0
46111,0.0,1.0,2.0,0.0,0.0,0.0,0.0,3.0
46115,0.0,1.0,1.0,0.0,0.0,0.0,0.0,2.0
46123,0.0,1.0,2.0,0.0,0.0,0.0,0.0,3.0
46125,0.0,2.0,2.0,0.0,0.0,0.0,0.0,4.0
46127,0.0,1.0,2.0,0.0,0.0,0.0,0.0,3.0
46135,0.0,1.0,1.0,0.0,0.0,0.0,0.0,2.0
47005,0.0,2.0,0.0,0.0,0.0,0.0,1.0,3.0
47011,0.0,1.0,0.0,0.0,0.0,0.0,0.0,1.0
47013,0.0,1.0,1.0,0.0,0.0,0.0,1.0,3.0
47017,0.0,1.0,0.0,0.0,0.0,0.0,1.0,2.0
47033,0.0,1.0,0.0,0.0,0.0,0.0,0.0,1.0
47037,0.0,1.0,0.0,0.0,0.0,0.0,3.0,4.0
47039,0.0,2.0,1.0,0.0,0.0,0.0,3.0,6.0
47043,0.0,1.0,2.0,0.0,0.0,0.0,2.0,5.0
47045,0.0,1.0,1.0,0.0,0.0,0.0,2.0,4.0
47047,0.0,1.0,0.0,0.0,0.0,0.0,0.0,1.0
47065,0.0,1.0,1.0,0.0,0.0,0.0,0.0,2.0
47071,0.0,2.0,1.0,0.0,0.0,0.0,0.0,3.0
47075,0.0,1.0,0.0,0.0,0.0,0.0,0.0,1.0
47077,0.0,2.0,0.0,0.0,0.0,0.0,2.0,4.0
47079,0.0,1.0,0.0,0.0,0.0,0.0,1.0,2.0
47081,0.0,1.0,2.0,0.0,0.0,0.0,1.0,4.0
47083,0.0,2.0,2.0,0.0,0.0,0.0,0.0,4.0
47085,0.0,2.0,2.0,0.0,0.0,0.0,0.0,4.0
47095,0.0,1.0,1.0,0.0,0.0,0.0,2.0,4.0
47097,0.0,1.0,1.0,0.0,0.0,0.0,0.0,2.0
47099,0.0,1.0,1.0,0.0,0.0,0.0,0.0,2.0
47101,0.0,1.0,1.0,0.0,0.0,0.0,0.0,2.0
47109,0.0,1.0,1.0,0.0,0.0,0.0,1.0,3.0
47113,0.0,1.0,0.0,0.0,0.0,0.0,1.0,2.0
47115,0.0,1.0,1.0,0.0,0.0,0.0,1.0,3.0
47119,0.0,1.0,0.0,0.0,0.0,0.0,1.0,2.0
47123,0.0,1.0,0.0,0.0,0.0,0.0,0.0,1.0
47125,0.0,1.0,0.0,0.0,0.0,0.0,0.0,1.0
47131,0.0,1.0,1.0,0.0,0.0,0.0,2.0,4.0
47135,0.0,2.0,1.0,0.0,0.0,0.0,0.0,3.0
47139,0.0,1.0,0.0,0.0,0.0,0.0,0.0,1.0
47151,0.0,1.0,1.0,0.0,0.0,0.0,1.0,3.0
47157,0.0,1.0,0.0,0.0,0.0,0.0,0.0,1.0
47167,0.0,1.0,1.0,0.0,0.0,0.0,0.0,2.0
47171,0.0,1.0,1.0,0.0,0.0,0.0,0.0,2.0
47179,0.0,1.0,0.0,0.0,0.0,0.0,0.0,1.0
47181,0.0,1.0,1.0,0.0,0.0,0.0,1.0,3.0
47183,0.0,2.0,0.0,0.0,0.0,0.0,2.0,4.0
49011,0.0,1.0,0.0,1.0,0.0,0.0,0.0,2.0
49029,0.0,1.0,0.0,0.0,0.0,0.0,0.0,1.0
49035,0.0,1.0,0.0,1.0,0.0,0.0,0.0,2.0
49057,0.0,1.0,0.0,0.0,0.0,0.0,0.0,1.0
53009,0.0,2.0,2.0,0.0,0.0,0.0,0.0,4.0
53013,0.0,1.0,1.0,0.0,0.0,0.0,0.0,2.0
53015,0.0,1.0,1.0,0.0,0.0,0.0,0.0,2.0
53027,0.0,2.0,2.0,0.0,0.0,0.0,0.0,4.0
53029,0.0,2.0,2.0,0.0,0.0,0.0,0.0,4.0
53031,0.0,2.0,2.0,0.0,0.0,0.0,0.0,4.0
53039,0.0,1.0,1.0,0.0,0.0,0.0,0.0,2.0
53041,0.0,1.0,3.0,0.0,0.0,0.0,0.0,4.0
53045,0.0,2.0,2.0,0.0,0.0,0.0,0.0,4.0
53047,0.0,1.0,1.0,6.0,0.0,0.0,0.0,8.0
53049,0.0,2.0,2.0,0.0,0.0,0.0,0.0,4.0
53051,0.0,1.0,0.0,1.0,0.0,0.0,0.0,2.0
53057,0.0,1.0,3.0,0.0,0.0,0.0,0.0,4.0
53059,0.0,1.0,1.0,2.0,0.0,0.0,0.0,4.0
53061,0.0,2.0,1.0,1.0,0.0,0.0,0.0,4.0
53063,0.0,1.0,0.0,3.0,0.0,0.0,0.0,4.0
53069,0.0,1.0,2.0,0.0,0.0,0.0,0.0,3.0
53073,0.0,1.0,2.0,0.0,0.0,0.0,0.0,3.0
54019,0.0,1.0,0.0,0.0,0.0,0.0,0.0,1.0
54023,0.0,1.0,1.0,0.0,0.0,0.0,0.0,2.0
54027,0.0,1.0,0.0,0.0,0.0,0.0,0.0,1.0
54031,0.0,1.0,0.0,0.0,0.0,0.0,0.0,1.0
54037,0.0,1.0,0.0,0.0,0.0,0.0,0.0,1.0
54057,0.0,1.0,0.0,0.0,0.0,0.0,0.0,1.0
54065,0.0,1.0,0.0,0.0,0.0,0.0,0.0,1.0
54071,0.0,1.0,1.0,0.0,0.0,0.0,0.0,2.0
02240,0.0,0.0,1.0,0.0,0.0,0.0,0.0,1.0
04001,0.0,0.0,1.0,0.0,0.0,0.0,0.0,1.0
04005,0.0,0.0,1.0,4.0,0.0,0.0,0.0,5.0
04017,0.0,0.0,1.0,0.0,0.0,0.0,0.0,1.0
16003,0.0,0.0,1.0,1.0,0.0,0.0,0.0,2.0
16049,0.0,0.0,1.0,0.0,0.0,0.0,0.0,1.0
16057,0.0,0.0,1.0,0.0,0.0,0.0,0.0,1.0
16061,0.0,0.0,1.0,0.0,0.0,0.0,0.0,1.0
16085,0.0,0.0,1.0,1.0,0.0,0.0,0.0,2.0
17001,0.0,0.0,1.0,0.0,0.0,0.0,0.0,1.0
17003,0.0,0.0,1.0,0.0,0.0,0.0,0.0,1.0
17011,0.0,0.0,1.0,0.0,0.0,0.0,0.0,1.0
17013,0.0,0.0,1.0,0.0,0.0,0.0,0.0,1.0
17015,0.0,0.0,1.0,0.0,0.0,0.0,0.0,1.0
17017,0.0,0.0,1.0,0.0,0.0,0.0,1.0,2.0
17057,0.0,0.0,1.0,0.0,0.0,0.0,0.0,1.0
17061,0.0,0.0,1.0,0.0,0.0,0.0,0.0,1.0
17067,0.0,0.0,1.0,0.0,0.0,0.0,0.0,1.0
17071,0.0,0.0,1.0,0.0,0.0,0.0,0.0,1.0
17073,0.0,0.0,1.0,0.0,0.0,0.0,0.0,1.0
17077,0.0,0.0,1.0,0.0,0.0,0.0,0.0,1.0
17083,0.0,0.0,1.0,0.0,0.0,0.0,1.0,2.0
17095,0.0,0.0,1.0,0.0,0.0,0.0,0.0,1.0
17103,0.0,0.0,1.0,0.0,0.0,0.0,0.0,1.0
17119,0.0,0.0,1.0,0.0,0.0,0.0,1.0,2.0
17131,0.0,0.0,1.0,0.0,0.0,0.0,0.0,1.0
17133,0.0,0.0,1.0,0.0,0.0,0.0,0.0,1.0
17137,0.0,0.0,1.0,0.0,0.0,0.0,1.0,2.0
17149,0.0,0.0,1.0,0.0,0.0,0.0,1.0,2.0
17157,0.0,0.0,1.0,0.0,0.0,0.0,0.0,1.0
17161,0.0,0.0,1.0,0.0,0.0,0.0,0.0,1.0
17163,0.0,0.0,2.0,0.0,0.0,0.0,0.0,2.0
17169,0.0,0.0,1.0,0.0,0.0,0.0,0.0,1.0
17171,0.0,0.0,1.0,0.0,0.0,0.0,0.0,1.0
17177,0.0,0.0,1.0,0.0,0.0,0.0,0.0,1.0
17181,0.0,0.0,1.0,0.0,0.0,0.0,0.0,1.0
17195,0.0,0.0,1.0,0.0,0.0,0.0,0.0,1.0
18007,0.0,0.0,1.0,0.0,0.0,0.0,0.0,1.0
18015,0.0,0.0,1.0,0.0,0.0,0.0,0.0,1.0
18019,0.0,0.0,1.0,0.0,0.0,0.0,0.0,1.0
18025,0.0,0.0,1.0,0.0,0.0,0.0,0.0,1.0
18029,0.0,0.0,1.0,0.0,0.0,0.0,0.0,1.0
18039,0.0,0.0,1.0,0.0,0.0,0.0,0.0,1.0
18043,0.0,0.0,1.0,0.0,0.0,0.0,0.0,1.0
18049,0.0,0.0,1.0,0.0,0.0,0.0,0.0,1.0
18051,0.0,0.0,1.0,0.0,0.0,0.0,0.0,1.0
18061,0.0,0.0,1.0,0.0,0.0,0.0,0.0,1.0
18073,0.0,0.0,1.0,0.0,0.0,0.0,0.0,1.0
18077,0.0,0.0,1.0,0.0,0.0,0.0,0.0,1.0
18085,0.0,0.0,1.0,0.0,0.0,0.0,0.0,1.0
18089,0.0,0.0,1.0,0.0,0.0,0.0,0.0,1.0
18091,0.0,0.0,1.0,0.0,0.0,0.0,0.0,1.0
18099,0.0,0.0,1.0,0.0,0.0,0.0,0.0,1.0
18111,0.0,0.0,1.0,0.0,0.0,0.0,0.0,1.0
18115,0.0,0.0,1.0,0.0,0.0,0.0,0.0,1.0
18123,0.0,0.0,1.0,0.0,0.0,0.0,0.0,1.0
18127,0.0,0.0,1.0,0.0,0.0,0.0,0.0,1.0
18131,0.0,0.0,1.0,0.0,0.0,0.0,0.0,1.0
18141,0.0,0.0,1.0,0.0,0.0,0.0,0.0,1.0
18147,0.0,0.0,1.0,0.0,0.0,0.0,0.0,1.0
18149,0.0,0.0,1.0,0.0,0.0,0.0,0.0,1.0
18155,0.0,0.0,1.0,0.0,0.0,0.0,0.0,1.0
18163,0.0,0.0,1.0,0.0,0.0,0.0,0.0,1.0
18165,0.0,0.0,1.0,0.0,0.0,0.0,0.0,1.0
18169,0.0,0.0,1.0,0.0,0.0,0.0,0.0,1.0
18171,0.0,0.0,1.0,0.0,0.0,0.0,0.0,1.0
18173,0.0,0.0,1.0,0.0,0.0,0.0,0.0,1.0
18181,0.0,0.0,1.0,0.0,0.0,0.0,0.0,1.0
19003,0.0,0.0,1.0,0.0,0.0,0.0,0.0,1.0
19005,0.0,0.0,1.0,0.0,0.0,0.0,0.0,1.0
19017,0.0,0.0,1.0,0.0,0.0,0.0,0.0,1.0
19023,0.0,0.0,1.0,0.0,0.0,0.0,0.0,1.0
19027,0.0,0.0,1.0,0.0,0.0,0.0,0.0,1.0
19043,0.0,0.0,1.0,0.0,0.0,0.0,0.0,1.0
19047,0.0,0.0,1.0,0.0,0.0,0.0,0.0,1.0
19053,0.0,0.0,1.0,0.0,0.0,0.0,0.0,1.0
19057,0.0,0.0,1.0,0.0,0.0,0.0,0.0,1.0
19065,0.0,0.0,1.0,0.0,0.0,0.0,0.0,1.0
19071,0.0,0.0,1.0,0.0,0.0,0.0,0.0,1.0
19085,0.0,0.0,1.0,0.0,0.0,0.0,0.0,1.0
19087,0.0,0.0,1.0,0.0,0.0,0.0,0.0,1.0
19093,0.0,0.0,1.0,0.0,0.0,0.0,0.0,1.0
19107,0.0,0.0,1.0,0.0,0.0,0.0,0.0,1.0
19115,0.0,0.0,1.0,0.0,0.0,0.0,0.0,1.0
19117,0.0,0.0,1.0,0.0,0.0,0.0,0.0,1.0
19121,0.0,0.0,1.0,0.0,0.0,0.0,0.0,1.0
19123,0.0,0.0,1.0,0.0,0.0,0.0,0.0,1.0
19133,0.0,0.0,1.0,0.0,0.0,0.0,0.0,1.0
19135,0.0,0.0,1.0,0.0,0.0,0.0,0.0,1.0
19137,0.0,0.0,1.0,0.0,0.0,0.0,0.0,1.0
19145,0.0,0.0,1.0,0.0,0.0,0.0,0.0,1.0
19149,0.0,0.0,1.0,0.0,0.0,0.0,0.0,1.0
19155,0.0,0.0,1.0,0.0,0.0,0.0,0.0,1.0
19159,0.0,0.0,1.0,0.0,0.0,0.0,0.0,1.0
19165,0.0,0.0,1.0,0.0,0.0,0.0,0.0,1.0
19175,0.0,0.0,1.0,0.0,0.0,0.0,0.0,1.0
19179,0.0,0.0,1.0,0.0,0.0,0.0,0.0,1.0
19185,0.0,0.0,1.0,0.0,0.0,0.0,0.0,1.0
21005,0.0,0.0,1.0,0.0,0.0,0.0,0.0,1.0
21029,0.0,0.0,1.0,0.0,0.0,0.0,2.0,3.0
21033,0.0,0.0,1.0,0.0,0.0,0.0,2.0,3.0
21035,0.0,0.0,1.0,0.0,0.0,0.0,0.0,1.0
21049,0.0,0.0,1.0,0.0,0.0,0.0,0.0,1.0
21067,0.0,0.0,1.0,0.0,0.0,0.0,0.0,1.0
21073,0.0,0.0,1.0,0.0,0.0,0.0,0.0,1.0
21077,0.0,0.0,1.0,0.0,0.0,0.0,0.0,1.0
21083,0.0,0.0,2.0,0.0,0.0,0.0,2.0,4.0
21093,0.0,0.0,1.0,0.0,0.0,0.0,0.0,1.0
21111,0.0,0.0,1.0,0.0,0.0,0.0,0.0,1.0
21113,0.0,0.0,1.0,0.0,0.0,0.0,0.0,1.0
21117,0.0,0.0,1.0,0.0,0.0,0.0,0.0,1.0
21137,0.0,0.0,2.0,0.0,0.0,0.0,0.0,2.0
21149,0.0,0.0,1.0,0.0,0.0,0.0,0.0,1.0
21161,0.0,0.0,1.0,0.0,0.0,0.0,0.0,1.0
21183,0.0,0.0,2.0,0.0,0.0,0.0,2.0,4.0
21199,0.0,0.0,1.0,0.0,0.0,0.0,0.0,1.0
21215,0.0,0.0,1.0,0.0,0.0,0.0,2.0,3.0
21223,0.0,0.0,1.0,0.0,0.0,0.0,0.0,1.0
21227,0.0,0.0,1.0,0.0,0.0,0.0,2.0,3.0
21239,0.0,0.0,1.0,0.0,0.0,0.0,0.0,1.0
24005,0.0,0.0,1.0,0.0,0.0,0.0,0.0,1.0
24027,0.0,0.0,1.0,0.0,0.0,0.0,0.0,1.0
26053,0.0,0.0,1.0,0.0,0.0,0.0,0.0,1.0
26061,0.0,0.0,1.0,0.0,0.0,0.0,0.0,1.0
26109,0.0,0.0,1.0,0.0,0.0,0.0,0.0,1.0
27007,0.0,0.0,2.0,0.0,0.0,0.0,0.0,2.0
27013,0.0,0.0,2.0,0.0,0.0,0.0,0.0,2.0
27015,0.0,0.0,2.0,0.0,0.0,0.0,0.0,2.0
27017,0.0,0.0,1.0,0.0,0.0,0.0,0.0,1.0
27027,0.0,0.0,1.0,0.0,0.0,0.0,0.0,1.0
27029,0.0,0.0,2.0,0.0,0.0,0.0,0.0,2.0
27031,0.0,0.0,1.0,0.0,0.0,0.0,0.0,1.0
27039,0.0,0.0,1.0,0.0,0.0,0.0,0.0,1.0
27043,0.0,0.0,2.0,0.0,0.0,0.0,0.0,2.0
27045,0.0,0.0,1.0,0.0,0.0,0.0,0.0,1.0
27047,0.0,0.0,1.0,0.0,0.0,0.0,0.0,1.0
27049,0.0,0.0,1.0,0.0,0.0,0.0,0.0,1.0
27055,0.0,0.0,1.0,0.0,0.0,0.0,0.0,1.0
27063,0.0,0.0,2.0,0.0,0.0,0.0,0.0,2.0
27069,0.0,0.0,2.0,0.0,0.0,0.0,0.0,2.0
27071,0.0,0.0,2.0,0.0,0.0,0.0,0.0,2.0
27075,0.0,0.0,2.0,0.0,0.0,0.0,0.0,2.0
27077,0.0,0.0,1.0,0.0,0.0,0.0,0.0,1.0
27079,0.0,0.0,1.0,0.0,0.0,0.0,0.0,1.0
27085,0.0,0.0,1.0,0.0,0.0,0.0,0.0,1.0
27087,0.0,0.0,2.0,0.0,0.0,0.0,0.0,2.0
27089,0.0,0.0,2.0,0.0,0.0,0.0,0.0,2.0
27091,0.0,0.0,2.0,0.0,0.0,0.0,0.0,2.0
27099,0.0,0.0,1.0,0.0,0.0,0.0,0.0,1.0
27101,0.0,0.0,2.0,0.0,0.0,0.0,0.0,2.0
27103,0.0,0.0,2.0,0.0,0.0,0.0,0.0,2.0
27107,0.0,0.0,2.0,0.0,0.0,0.0,0.0,2.0
27109,0.0,0.0,1.0,0.0,0.0,0.0,0.0,1.0
27113,0.0,0.0,2.0,0.0,0.0,0.0,0.0,2.0
27117,0.0,0.0,2.0,0.0,0.0,0.0,0.0,2.0
27119,0.0,0.0,3.0,0.0,0.0,0.0,0.0,3.0
27123,0.0,0.0,1.0,0.0,0.0,0.0,0.0,1.0
27125,0.0,0.0,2.0,0.0,0.0,0.0,0.0,2.0
27135,0.0,0.0,2.0,0.0,0.0,0.0,0.0,2.0
27137,0.0,0.0,3.0,0.0,0.0,0.0,0.0,3.0
27139,0.0,0.0,1.0,0.0,0.0,0.0,0.0,1.0
27143,0.0,0.0,2.0,0.0,0.0,0.0,0.0,2.0
27147,0.0,0.0,1.0,0.0,0.0,0.0,0.0,1.0
27157,0.0,0.0,1.0,0.0,0.0,0.0,0.0,1.0
27161,0.0,0.0,1.0,0.0,0.0,0.0,0.0,1.0
27163,0.0,0.0,1.0,0.0,0.0,0.0,0.0,1.0
27165,0.0,0.0,2.0,0.0,0.0,0.0,0.0,2.0
27169,0.0,0.0,1.0,0.0,0.0,0.0,0.0,1.0
29189,0.0,0.0,1.0,0.0,0.0,0.0,0.0,1.0
30005,0.0,0.0,1.0,0.0,0.0,0.0,0.0,1.0
30009,0.0,0.0,2.0,1.0,0.0,0.0,0.0,3.0
30017,0.0,0.0,1.0,1.0,0.0,0.0,0.0,2.0
30019,0.0,0.0,1.0,0.0,0.0,0.0,0.0,1.0
30029,0.0,0.0,1.0,0.0,0.0,0.0,0.0,1.0
30037,0.0,0.0,1.0,0.0,0.0,0.0,0.0,1.0
30041,0.0,0.0,1.0,0.0,0.0,0.0,0.0,1.0
30047,0.0,0.0,1.0,0.0,0.0,0.0,0.0,1.0
30049,0.0,0.0,1.0,1.0,0.0,0.0,0.0,2.0
30051,0.0,0.0,1.0,0.0,0.0,0.0,0.0,1.0
30055,0.0,0.0,1.0,0.0,0.0,0.0,0.0,1.0
30063,0.0,0.0,1.0,0.0,0.0,0.0,0.0,1.0
30065,0.0,0.0,1.0,1.0,0.0,0.0,0.0,2.0
30067,0.0,0.0,3.0,0.0,0.0,0.0,0.0,3.0
30069,0.0,0.0,1.0,0.0,0.0,0.0,0.0,1.0
30073,0.0,0.0,1.0,0.0,0.0,0.0,0.0,1.0
30075,0.0,0.0,1.0,1.0,0.0,0.0,0.0,2.0
30077,0.0,0.0,1.0,0.0,0.0,0.0,0.0,1.0
30095,0.0,0.0,2.0,1.0,0.0,0.0,0.0,3.0
30097,0.0,0.0,1.0,0.0,0.0,0.0,0.0,1.0
30101,0.0,0.0,1.0,0.0,0.0,0.0,0.0,1.0
30103,0.0,0.0,3.0,0.0,0.0,0.0,0.0,3.0
30105,0.0,0.0,2.0,0.0,0.0,0.0,0.0,2.0
30111,0.0,0.0,1.0,3.0,0.0,0.0,0.0,4.0
31005,0.0,0.0,1.0,0.0,0.0,0.0,0.0,1.0
31007,0.0,0.0,1.0,0.0,0.0,0.0,0.0,1.0
31009,0.0,0.0,1.0,0.0,0.0,0.0,0.0,1.0
31017,0.0,0.0,1.0,0.0,0.0,0.0,0.0,1.0
31023,0.0,0.0,1.0,0.0,0.0,0.0,0.0,1.0
31031,0.0,0.0,1.0,0.0,0.0,0.0,0.0,1.0
31033,0.0,0.0,1.0,0.0,0.0,0.0,0.0,1.0
31045,0.0,0.0,1.0,0.0,0.0,0.0,0.0,1.0
31047,0.0,0.0,1.0,0.0,0.0,0.0,0.0,1.0
31049,0.0,0.0,1.0,0.0,0.0,0.0,0.0,1.0
31053,0.0,0.0,1.0,0.0,0.0,0.0,0.0,1.0
31061,0.0,0.0,1.0,0.0,0.0,0.0,0.0,1.0
31063,0.0,0.0,1.0,1.0,0.0,0.0,0.0,2.0
31065,0.0,0.0,1.0,1.0,0.0,0.0,0.0,2.0
31069,0.0,0.0,1.0,0.0,0.0,0.0,0.0,1.0
31073,0.0,0.0,1.0,0.0,0.0,0.0,0.0,1.0
31085,0.0,0.0,1.0,0.0,0.0,0.0,0.0,1.0
31091,0.0,0.0,1.0,0.0,0.0,0.0,0.0,1.0
31093,0.0,0.0,1.0,0.0,0.0,0.0,0.0,1.0
31103,0.0,0.0,1.0,0.0,0.0,0.0,0.0,1.0
31105,0.0,0.0,1.0,0.0,0.0,0.0,0.0,1.0
31109,0.0,0.0,1.0,0.0,0.0,0.0,0.0,1.0
31111,0.0,0.0,1.0,0.0,0.0,0.0,0.0,1.0
31115,0.0,0.0,1.0,0.0,0.0,0.0,0.0,1.0
31121,0.0,0.0,1.0,0.0,0.0,0.0,0.0,1.0
31123,0.0,0.0,1.0,0.0,0.0,0.0,0.0,1.0
31125,0.0,0.0,1.0,0.0,0.0,0.0,0.0,1.0
31137,0.0,0.0,1.0,0.0,0.0,0.0,0.0,1.0
31149,0.0,0.0,1.0,0.0,0.0,0.0,0.0,1.0
31157,0.0,0.0,1.0,0.0,0.0,0.0,0.0,1.0
31159,0.0,0.0,1.0,0.0,0.0,0.0,0.0,1.0
31165,0.0,0.0,1.0,0.0,0.0,0.0,0.0,1.0
31167,0.0,0.0,1.0,0.0,0.0,0.0,0.0,1.0
36015,0.0,0.0,1.0,0.0,0.0,0.0,0.0,1.0
36097,0.0,0.0,1.0,0.0,0.0,0.0,0.0,1.0
36099,0.0,0.0,1.0,0.0,0.0,0.0,0.0,1.0
38017,0.0,0.0,2.0,0.0,0.0,0.0,0.0,2.0
38027,0.0,0.0,1.0,0.0,0.0,0.0,0.0,1.0
38059,0.0,0.0,1.0,0.0,0.0,0.0,0.0,1.0
38083,0.0,0.0,2.0,0.0,0.0,0.0,0.0,2.0
39001,0.0,0.0,2.0,0.0,0.0,0.0,0.0,2.0
39009,0.0,0.0,2.0,0.0,0.0,0.0,0.0,2.0
39013,0.0,0.0,2.0,0.0,0.0,0.0,0.0,2.0
39015,0.0,0.0,2.0,0.0,0.0,0.0,0.0,2.0
39029,0.0,0.0,1.0,0.0,0.0,0.0,1.0,2.0
39031,0.0,0.0,1.0,0.0,0.0,0.0,0.0,1.0
39053,0.0,0.0,2.0,0.0,0.0,0.0,0.0,2.0
39059,0.0,0.0,1.0,0.0,0.0,0.0,0.0,1.0
39061,0.0,0.0,1.0,0.0,0.0,0.0,0.0,1.0
39067,0.0,0.0,1.0,0.0,0.0,0.0,0.0,1.0
39073,0.0,0.0,1.0,0.0,0.0,0.0,1.0,2.0
39079,0.0,0.0,2.0,0.0,0.0,0.0,0.0,2.0
39081,0.0,0.0,2.0,0.0,0.0,0.0,0.0,2.0
39087,0.0,0.0,2.0,0.0,0.0,0.0,0.0,2.0
39105,0.0,0.0,2.0,0.0,0.0,0.0,0.0,2.0
39111,0.0,0.0,2.0,0.0,0.0,0.0,0.0,2.0
39115,0.0,0.0,2.0,0.0,0.0,0.0,0.0,2.0
39119,0.0,0.0,2.0,0.0,0.0,0.0,1.0,3.0
39121,0.0,0.0,2.0,0.0,0.0,0.0,0.0,2.0
39127,0.0,0.0,2.0,0.0,0.0,0.0,1.0,3.0
39131,0.0,0.0,2.0,0.0,0.0,0.0,0.0,2.0
39141,0.0,0.0,1.0,0.0,0.0,0.0,0.0,1.0
39145,0.0,0.0,2.0,0.0,0.0,0.0,0.0,2.0
39163,0.0,0.0,2.0,0.0,0.0,0.0,0.0,2.0
39167,0.0,0.0,2.0,0.0,0.0,0.0,0.0,2.0
41023,0.0,0.0,1.0,0.0,0.0,0.0,0.0,1.0
41059,0.0,0.0,2.0,0.0,0.0,0.0,0.0,2.0
41061,0.0,0.0,1.0,0.0,0.0,0.0,0.0,1.0
41063,0.0,0.0,1.0,0.0,0.0,0.0,0.0,1.0
41069,0.0,0.0,1.0,0.0,0.0,0.0,0.0,1.0
46007,0.0,0.0,2.0,0.0,0.0,0.0,0.0,2.0
46013,0.0,0.0,1.0,0.0,0.0,0.0,0.0,1.0
46017,0.0,0.0,1.0,0.0,0.0,0.0,0.0,1.0
46021,0.0,0.0,2.0,0.0,0.0,0.0,0.0,2.0
46033,0.0,0.0,1.0,0.0,0.0,0.0,0.0,1.0
46041,0.0,0.0,1.0,0.0,0.0,0.0,0.0,1.0
46045,0.0,0.0,1.0,0.0,0.0,0.0,0.0,1.0
46047,0.0,0.0,2.0,1.0,0.0,0.0,0.0,3.0
46049,0.0,0.0,1.0,0.0,0.0,0.0,0.0,1.0
46059,0.0,0.0,1.0,0.0,0.0,0.0,0.0,1.0
46065,0.0,0.0,1.0,0.0,0.0,0.0,0.0,1.0
46069,0.0,0.0,1.0,0.0,0.0,0.0,0.0,1.0
46073,0.0,0.0,1.0,0.0,0.0,0.0,0.0,1.0
46085,0.0,0.0,2.0,0.0,0.0,0.0,0.0,2.0
46091,0.0,0.0,1.0,0.0,0.0,0.0,0.0,1.0
46095,0.0,0.0,2.0,0.0,0.0,0.0,0.0,2.0
46103,0.0,0.0,2.0,2.0,0.0,0.0,0.0,4.0
46105,0.0,0.0,1.0,0.0,0.0,0.0,0.0,1.0
46107,0.0,0.0,1.0,0.0,0.0,0.0,0.0,1.0
46113,0.0,0.0,1.0,0.0,0.0,0.0,0.0,1.0
46119,0.0,0.0,1.0,0.0,0.0,0.0,0.0,1.0
46121,0.0,0.0,2.0,0.0,0.0,0.0,0.0,2.0
46129,0.0,0.0,2.0,0.0,0.0,0.0,0.0,2.0
46137,0.0,0.0,2.0,0.0,0.0,0.0,0.0,2.0
47001,0.0,0.0,1.0,0.0,0.0,0.0,0.0,1.0
47003,0.0,0.0,1.0,0.0,0.0,0.0,0.0,1.0
47007,0.0,0.0,1.0,0.0,0.0,0.0,0.0,1.0
47009,0.0,0.0,1.0,0.0,0.0,0.0,0.0,1.0
47019,0.0,0.0,1.0,0.0,0.0,0.0,0.0,1.0
47021,0.0,0.0,1.0,0.0,0.0,0.0,3.0,4.0
47025,0.0,0.0,1.0,0.0,0.0,0.0,1.0,2.0
47027,0.0,0.0,1.0,0.0,0.0,0.0,1.0,2.0
47029,0.0,0.0,1.0,0.0,0.0,0.0,0.0,1.0
47031,0.0,0.0,1.0,0.0,0.0,0.0,0.0,1.0
47041,0.0,0.0,1.0,0.0,0.0,0.0,0.0,1.0
47049,0.0,0.0,1.0,0.0,0.0,0.0,1.0,2.0
47053,0.0,0.0,1.0,0.0,0.0,0.0,2.0,3.0
47055,0.0,0.0,1.0,0.0,0.0,0.0,0.0,1.0
47057,0.0,0.0,1.0,0.0,0.0,0.0,1.0,2.0
47059,0.0,0.0,1.0,0.0,0.0,0.0,0.0,1.0
47063,0.0,0.0,1.0,0.0,0.0,0.0,0.0,1.0
47067,0.0,0.0,1.0,0.0,0.0,0.0,0.0,1.0
47073,0.0,0.0,1.0,0.0,0.0,0.0,0.0,1.0
47087,0.0,0.0,1.0,0.0,0.0,0.0,1.0,2.0
47089,0.0,0.0,1.0,0.0,0.0,0.0,0.0,1.0
47091,0.0,0.0,1.0,0.0,0.0,0.0,0.0,1.0
47093,0.0,0.0,1.0,0.0,0.0,0.0,0.0,1.0
47103,0.0,0.0,1.0,0.0,0.0,0.0,0.0,1.0
47105,0.0,0.0,1.0,0.0,0.0,0.0,0.0,1.0
47117,0.0,0.0,1.0,0.0,0.0,0.0,0.0,1.0
47127,0.0,0.0,1.0,0.0,0.0,0.0,1.0,2.0
47129,0.0,0.0,1.0,0.0,0.0,0.0,0.0,1.0
47133,0.0,0.0,1.0,0.0,0.0,0.0,1.0,2.0
47143,0.0,0.0,1.0,0.0,0.0,0.0,0.0,1.0
47145,0.0,0.0,1.0,0.0,0.0,0.0,0.0,1.0
47147,0.0,0.0,1.0,0.0,0.0,0.0,0.0,1.0
47153,0.0,0.0,1.0,0.0,0.0,0.0,0.0,1.0
47155,0.0,0.0,1.0,0.0,0.0,0.0,0.0,1.0
47159,0.0,0.0,1.0,0.0,0.0,0.0,2.0,3.0
47173,0.0,0.0,1.0,0.0,0.0,0.0,0.0,1.0
47175,0.0,0.0,1.0,0.0,0.0,0.0,0.0,1.0
47177,0.0,0.0,1.0,0.0,0.0,0.0,0.0,1.0
48009,0.0,0.0,1.0,0.0,0.0,0.0,0.0,1.0
48023,0.0,0.0,1.0,0.0,0.0,0.0,0.0,1.0
48049,0.0,0.0,1.0,1.0,0.0,0.0,0.0,2.0
48053,0.0,0.0,1.0,1.0,0.0,0.0,0.0,2.0
48059,0.0,0.0,1.0,0.0,0.0,0.0,0.0,1.0
48093,0.0,0.0,1.0,0.0,0.0,0.0,0.0,1.0
48099,0.0,0.0,1.0,0.0,0.0,0.0,0.0,1.0
48137,0.0,0.0,1.0,0.0,0.0,0.0,0.0,1.0
48147,0.0,0.0,1.0,0.0,0.0,0.0,0.0,1.0
48207,0.0,0.0,1.0,0.0,0.0,0.0,0.0,1.0
48217,0.0,0.0,1.0,0.0,0.0,0.0,0.0,1.0
48223,0.0,0.0,1.0,0.0,0.0,0.0,0.0,1.0
48253,0.0,0.0,1.0,1.0,0.0,0.0,0.0,2.0
48267,0.0,0.0,1.0,0.0,0.0,0.0,0.0,1.0
48271,0.0,0.0,1.0,0.0,0.0,0.0,0.0,1.0
48275,0.0,0.0,1.0,0.0,0.0,0.0,0.0,1.0
48299,0.0,0.0,1.0,0.0,0.0,0.0,0.0,1.0
48307,0.0,0.0,1.0,0.0,0.0,0.0,0.0,1.0
48319,0.0,0.0,1.0,0.0,0.0,0.0,0.0,1.0
48327,0.0,0.0,1.0,0.0,0.0,0.0,0.0,1.0
48353,0.0,0.0,1.0,0.0,0.0,0.0,0.0,1.0
48385,0.0,0.0,1.0,0.0,0.0,0.0,0.0,1.0
48411,0.0,0.0,1.0,0.0,0.0,0.0,0.0,1.0
48413,0.0,0.0,1.0,0.0,0.0,0.0,0.0,1.0
48435,0.0,0.0,1.0,0.0,0.0,0.0,0.0,1.0
48447,0.0,0.0,1.0,0.0,0.0,0.0,0.0,1.0
48463,0.0,0.0,1.0,0.0,0.0,0.0,0.0,1.0
48465,0.0,0.0,1.0,0.0,0.0,0.0,0.0,1.0
53007,0.0,0.0,1.0,4.0,0.0,0.0,0.0,5.0
53021,0.0,0.0,1.0,1.0,0.0,0.0,0.0,2.0
53023,0.0,0.0,1.0,0.0,0.0,0.0,0.0,1.0
53033,0.0,0.0,1.0,1.0,0.0,0.0,0.0,2.0
53055,0.0,0.0,2.0,0.0,0.0,0.0,0.0,2.0
53067,0.0,0.0,2.0,1.0,0.0,0.0,0.0,3.0
53071,0.0,0.0,1.0,0.0,0.0,0.0,0.0,1.0
54005,0.0,0.0,1.0,0.0,0.0,0.0,0.0,1.0
54011,0.0,0.0,1.0,0.0,0.0,0.0,0.0,1.0
54039,0.0,0.0,1.0,0.0,0.0,0.0,0.0,1.0
54043,0.0,0.0,1.0,0.0,0.0,0.0,0.0,1.0
54045,0.0,0.0,1.0,0.0,0.0,0.0,0.0,1.0
54047,0.0,0.0,1.0,0.0,0.0,0.0,0.0,1.0
54059,0.0,0.0,1.0,0.0,0.0,0.0,0.0,1.0
54077,0.0,0.0,1.0,0.0,0.0,0.0,0.0,1.0
54083,0.0,0.0,1.0,0.0,0.0,0.0,0.0,1.0
54093,0.0,0.0,1.0,0.0,0.0,0.0,0.0,1.0
54099,0.0,0.0,1.0,0.0,0.0,0.0,0.0,1.0
55001,0.0,0.0,1.0,0.0,0.0,0.0,0.0,1.0
55003,0.0,0.0,1.0,0.0,0.0,0.0,0.0,1.0
55005,0.0,0.0,1.0,0.0,0.0,0.0,0.0,1.0
55007,0.0,0.0,1.0,0.0,0.0,0.0,0.0,1.0
55013,0.0,0.0,1.0,0.0,0.0,0.0,0.0,1.0
55019,0.0,0.0,2.0,0.0,0.0,0.0,0.0,2.0
55023,0.0,0.0,1.0,0.0,0.0,0.0,0.0,1.0
55025,0.0,0.0,1.0,0.0,0.0,0.0,0.0,1.0
55031,0.0,0.0,1.0,0.0,0.0,0.0,0.0,1.0
55039,0.0,0.0,1.0,0.0,0.0,0.0,0.0,1.0
55041,0.0,0.0,1.0,0.0,0.0,0.0,0.0,1.0
55047,0.0,0.0,1.0,0.0,0.0,0.0,0.0,1.0
55051,0.0,0.0,2.0,0.0,0.0,0.0,0.0,2.0
55057,0.0,0.0,1.0,0.0,0.0,0.0,0.0,1.0
55059,0.0,0.0,1.0,0.0,0.0,0.0,0.0,1.0
55063,0.0,0.0,2.0,0.0,0.0,0.0,0.0,2.0
55067,0.0,0.0,1.0,0.0,0.0,0.0,0.0,1.0
55075,0.0,0.0,1.0,0.0,0.0,0.0,0.0,1.0
55077,0.0,0.0,1.0,0.0,0.0,0.0,0.0,1.0
55078,0.0,0.0,1.0,0.0,0.0,0.0,0.0,1.0
55079,0.0,0.0,1.0,0.0,0.0,0.0,0.0,1.0
55081,0.0,0.0,2.0,0.0,0.0,0.0,0.0,2.0
55083,0.0,0.0,1.0,0.0,0.0,0.0,0.0,1.0
55085,0.0,0.0,1.0,0.0,0.0,0.0,0.0,1.0
55087,0.0,0.0,1.0,0.0,0.0,0.0,0.0,1.0
55089,0.0,0.0,1.0,0.0,0.0,0.0,0.0,1.0
55095,0.0,0.0,1.0,0.0,0.0,0.0,0.0,1.0
55097,0.0,0.0,1.0,0.0,0.0,0.0,0.0,1.0
55101,0.0,0.0,1.0,0.0,0.0,0.0,0.0,1.0
55103,0.0,0.0,1.0,0.0,0.0,0.0,0.0,1.0
55107,0.0,0.0,1.0,0.0,0.0,0.0,0.0,1.0
55111,0.0,0.0,1.0,0.0,0.0,0.0,0.0,1.0
55115,0.0,0.0,1.0,0.0,0.0,0.0,0.0,1.0
55123,0.0,0.0,2.0,0.0,0.0,0.0,0.0,2.0
55135,0.0,0.0,1.0,0.0,0.0,0.0,0.0,1.0
55141,0.0,0.0,1.0,0.0,0.0,0.0,0.0,1.0
04007,0.0,0.0,0.0,3.0,0.0,0.0,0.0,3.0
04013,0.0,0.0,0.0,5.0,0.0,0.0,0.0,5.0
04019,0.0,0.0,0.0,1.0,0.0,0.0,0.0,1.0
04021,0.0,0.0,0.0,2.0,0.0,0.0,0.0,2.0
04025,0.0,0.0,0.0,3.0,0.0,0.0,0.0,3.0
06003,0.0,0.0,0.0,1.0,0.0,0.0,0.0,1.0
06019,0.0,0.0,0.0,2.0,0.0,0.0,0.0,2.0
06029,0.0,0.0,0.0,1.0,0.0,0.0,0.0,1.0
06035,0.0,0.0,0.0,4.0,0.0,0.0,0.0,4.0
06037,0.0,0.0,0.0,9.0,0.0,0.0,0.0,9.0
06039,0.0,0.0,0.0,2.0,0.0,0.0,0.0,2.0
06057,0.0,0.0,0.0,3.0,0.0,0.0,0.0,3.0
06059,0.0,0.0,0.0,4.0,0.0,0.0,0.0,4.0
06061,0.0,0.0,0.0,4.0,0.0,0.0,0.0,4.0
06063,0.0,0.0,0.0,4.0,0.0,0.0,0.0,4.0
06071,0.0,0.0,0.0,5.0,0.0,0.0,0.0,5.0
06073,0.0,0.0,0.0,3.0,0.0,0.0,0.0,3.0
06081,0.0,0.0,0.0,2.0,0.0,0.0,0.0,2.0
06085,0.0,0.0,0.0,2.0,0.0,0.0,0.0,2.0
06087,0.0,0.0,0.0,2.0,0.0,0.0,0.0,2.0
06091,0.0,0.0,0.0,1.0,0.0,0.0,0.0,1.0
06093,0.0,0.0,0.0,5.0,0.0,0.0,0.0,5.0
06095,0.0,0.0,0.0,2.0,0.0,0.0,0.0,2.0
06099,0.0,0.0,0.0,2.0,0.0,0.0,0.0,2.0
06107,0.0,0.0,0.0,2.0,0.0,0.0,0.0,2.0
06111,0.0,0.0,0.0,8.0,0.0,0.0,0.0,8.0
06115,0.0,0.0,0.0,3.0,0.0,0.0,0.0,3.0
08013,0.0,0.0,0.0,3.0,0.0,0.0,0.0,3.0
08023,0.0,0.0,0.0,1.0,0.0,0.0,0.0,1.0
08037,0.0,0.0,0.0,2.0,0.0,0.0,0.0,2.0
08045,0.0,0.0,0.0,2.0,0.0,0.0,0.0,2.0
08049,0.0,0.0,0.0,2.0,0.0,0.0,0.0,2.0
08055,0.0,0.0,0.0,1.0,0.0,0.0,0.0,1.0
08069,0.0,0.0,0.0,2.0,0.0,0.0,0.0,2.0
08077,0.0,0.0,0.0,1.0,0.0,0.0,0.0,1.0
08119,0.0,0.0,0.0,1.0,0.0,0.0,0.0,1.0
16013,0.0,0.0,0.0,1.0,0.0,0.0,0.0,1.0
16033,0.0,0.0,0.0,1.0,0.0,0.0,0.0,1.0
16045,0.0,0.0,0.0,1.0,0.0,0.0,0.0,1.0
16069,0.0,0.0,0.0,1.0,0.0,0.0,0.0,1.0
30003,0.0,0.0,0.0,1.0,0.0,0.0,0.0,1.0
30031,0.0,0.0,0.0,1.0,0.0,0.0,0.0,1.0
30033,0.0,0.0,0.0,1.0,0.0,0.0,0.0,1.0
30087,0.0,0.0,0.0,3.0,0.0,0.0,0.0,3.0
31145,0.0,0.0,0.0,1.0,0.0,0.0,0.0,1.0
32005,0.0,0.0,0.0,4.0,0.0,0.0,0.0,4.0
32019,0.0,0.0,0.0,1.0,0.0,0.0,0.0,1.0
32031,0.0,0.0,0.0,8.0,0.0,0.0,0.0,8.0
35007,0.0,0.0,0.0,3.0,0.0,0.0,0.0,3.0
35027,0.0,0.0,0.0,4.0,0.0,0.0,0.0,4.0
35028,0.0,0.0,0.0,1.0,0.0,0.0,0.0,1.0
35033,0.0,0.0,0.0,1.0,0.0,0.0,0.0,1.0
35035,0.0,0.0,0.0,1.0,0.0,0.0,0.0,1.0
35043,0.0,0.0,0.0,1.0,0.0,0.0,0.0,1.0
35047,0.0,0.0,0.0,3.0,0.0,0.0,0.0,3.0
35061,0.0,0.0,0.0,3.0,0.0,0.0,0.0,3.0
40057,0.0,0.0,0.0,1.0,0.0,0.0,0.0,1.0
40139,0.0,0.0,0.0,1.0,0.0,0.0,0.0,1.0
41009,0.0,0.0,0.0,1.0,0.0,0.0,0.0,1.0
41017,0.0,0.0,0.0,2.0,0.0,0.0,0.0,2.0
41029,0.0,0.0,0.0,6.0,0.0,0.0,0.0,6.0
41033,0.0,0.0,0.0,4.0,0.0,0.0,0.0,4.0
41035,0.0,0.0,0.0,4.0,0.0,0.0,0.0,4.0
41037,0.0,0.0,0.0,4.0,0.0,0.0,0.0,4.0
41041,0.0,0.0,0.0,3.0,0.0,0.0,0.0,3.0
41051,0.0,0.0,0.0,1.0,0.0,0.0,0.0,1.0
41055,0.0,0.0,0.0,1.0,0.0,0.0,0.0,1.0
41057,0.0,0.0,0.0,3.0,0.0,0.0,0.0,3.0
41065,0.0,0.0,0.0,6.0,0.0,0.0,0.0,6.0
41067,0.0,0.0,0.0,4.0,0.0,0.0,0.0,4.0
48035,0.0,0.0,0.0,1.0,0.0,0.0,0.0,1.0
48065,0.0,0.0,0.0,1.0,0.0,0.0,0.0,1.0
48133,0.0,0.0,0.0,2.0,0.0,0.0,0.0,2.0
48179,0.0,0.0,0.0,1.0,0.0,0.0,0.0,1.0
48197,0.0,0.0,0.0,1.0,0.0,0.0,0.0,1.0
48221,0.0,0.0,0.0,2.0,0.0,0.0,0.0,2.0
48233,0.0,0.0,0.0,1.0,0.0,0.0,0.0,1.0
48243,0.0,0.0,0.0,1.0,0.0,0.0,0.0,1.0
48425,0.0,0.0,0.0,1.0,0.0,0.0,0.0,1.0
48441,0.0,0.0,0.0,1.0,0.0,0.0,0.0,1.0
48485,0.0,0.0,0.0,1.0,0.0,0.0,0.0,1.0
49013,0.0,0.0,0.0,1.0,0.0,0.0,0.0,1.0
49017,0.0,0.0,0.0,1.0,0.0,0.0,0.0,1.0
49027,0.0,0.0,0.0,1.0,0.0,0.0,0.0,1.0
49037,0.0,0.0,0.0,1.0,0.0,0.0,0.0,1.0
49039,0.0,0.0,0.0,1.0,0.0,0.0,0.0,1.0
49043,0.0,0.0,0.0,1.0,0.0,0.0,0.0,1.0
49049,0.0,0.0,0.0,3.0,0.0,0.0,0.0,3.0
49051,0.0,0.0,0.0,1.0,0.0,0.0,0.0,1.0
49053,0.0,0.0,0.0,1.0,0.0,0.0,0.0,1.0
53001,0.0,0.0,0.0,1.0,0.0,0.0,0.0,1.0
53011,0.0,0.0,0.0,1.0,0.0,0.0,0.0,1.0
53017,0.0,0.0,0.0,5.0,0.0,0.0,0.0,5.0
53019,0.0,0.0,0.0,2.0,0.0,0.0,0.0,2.0
53025,0.0,0.0,0.0,2.0,0.0,0.0,0.0,2.0
53037,0.0,0.0,0.0,2.0,0.0,0.0,0.0,2.0
53043,0.0,0.0,0.0,2.0,0.0,0.0,0.0,2.0
53053,0.0,0.0,0.0,1.0,0.0,0.0,0.0,1.0
53065,0.0,0.0,0.0,1.0,0.0,0.0,0.0,1.0
53075,0.0,0.0,0.0,2.0,0.0,0.0,0.0,2.0
53077,0.0,0.0,0.0,5.0,0.0,0.0,0.0,5.0
56001,0.0,0.0,0.0,2.0,0.0,0.0,0.0,2.0
56007,0.0,0.0,0.0,2.0,0.0,0.0,0.0,2.0
56035,0.0,0.0,0.0,1.0,0.0,0.0,0.0,1.0
33015,0.0,0.0,0.0,0.0,1.0,0.0,0.0,1.0
17005,0.0,0.0,0.0,0.0,0.0,0.0,1.0,1.0
17029,0.0,0.0,0.0,0.0,0.0,0.0,1.0,1.0
17049,0.0,0.0,0.0,0.0,0.0,0.0,1.0,1.0
17051,0.0,0.0,0.0,0.0,0.0,0.0,1.0,1.0
17117,0.0,0.0,0.0,0.0,0.0,0.0,1.0,1.0
17129,0.0,0.0,0.0,0.0,0.0,0.0,1.0,1.0
17135,0.0,0.0,0.0,0.0,0.0,0.0,1.0,1.0
17139,0.0,0.0,0.0,0.0,0.0,0.0,1.0,1.0
17173,0.0,0.0,0.0,0.0,0.0,0.0,1.0,1.0
21009,0.0,0.0,0.0,0.0,0.0,0.0,1.0,1.0
21027,0.0,0.0,0.0,0.0,0.0,0.0,2.0,2.0
21085,0.0,0.0,0.0,0.0,0.0,0.0,2.0,2.0
21099,0.0,0.0,0.0,0.0,0.0,0.0,1.0,1.0
21107,0.0,0.0,0.0,0.0,0.0,0.0,2.0,2.0
21141,0.0,0.0,0.0,0.0,0.0,0.0,1.0,1.0
21143,0.0,0.0,0.0,0.0,0.0,0.0,2.0,2.0
21163,0.0,0.0,0.0,0.0,0.0,0.0,2.0,2.0
21177,0.0,0.0,0.0,0.0,0.0,0.0,2.0,2.0
21211,0.0,0.0,0.0,0.0,0.0,0.0,2.0,2.0
21219,0.0,0.0,0.0,0.0,0.0,0.0,1.0,1.0
39011,0.0,0.0,0.0,0.0,0.0,0.0,1.0,1.0
39037,0.0,0.0,0.0,0.0,0.0,0.0,1.0,1.0
39057,0.0,0.0,0.0,0.0,0.0,0.0,1.0,1.0
39099,0.0,0.0,0.0,0.0,0.0,0.0,1.0,1.0
39107,0.0,0.0,0.0,0.0,0.0,0.0,1.0,1.0
39109,0.0,0.0,0.0,0.0,0.0,0.0,1.0,1.0
39113,0.0,0.0,0.0,0.0,0.0,0.0,1.0,1.0
39129,0.0,0.0,0.0,0.0,0.0,0.0,1.0,1.0
47015,0.0,0.0,0.0,0.0,0.0,0.0,1.0,1.0
47069,0.0,0.0,0.0,0.0,0.0,0.0,1.0,1.0
47141,0.0,0.0,0.0,0.0,0.0,0.0,1.0,1.0
47161,0.0,0.0,0.0,0.0,0.0,0.0,2.0,2.0
47165,0.0,0.0,0.0,0.0,0.0,0.0,1.0,1.0
47187,0.0,0.0,0.0,0.0,0.0,0.0,1.0,1.0
47189,0.0,0.0,0.0,0.0,0.0,0.0,3.0,3.0
